ranks,PAPI_BR_INS,PAPI_LD_INS,PAPI_SR_INS,PAPI_TOT_INS,PAPI_L1_LDM,PAPI_L1_STM,PAPI_L2_LDM,PAPI_L2_STM,FP_ARITH:SCALAR_SINGLE,FP_ARITH:SCALAR_DOUBLE,ARITH,IO Bytes Read,IO Bytes Written,PAPI_MEM_WCY,rp
0,0.002910642,0.000816476,0.000673493,0.001004439,0.000548165,0.000327618,0,0,0.001249187,0.000342318,0.000548761,1,0.11409298464092998,0.000346681,0.059905015698278705
0,0.002910642,0.000816476,0.000673493,0.001004439,0.000548165,0.000327618,0,0,0.001248736,0.00034213,0.000549672,1,0.11409298464092998,0.000346681,0.053224341
0,0.003404749,0.000954741,0.000787565,0.00117446,0.000438532,0.000436824,0,0,0.001459501,0.000399952,0.000641296,1,0.13352013283520137,0.000426684,0.04494855
0,0.003404749,0.000954741,0.000782877,0.00117446,0.000657799,0.000382221,0,0,0.00145981,0.000400225,0.000641391,1,0.13352013283520137,0.00041335,0.04494855
0,0.003893456,0.00109082,0.000900075,0.00134252,0.000511621,0.000436824,0,0,0.001669119,0.000456904,0.000731702,1,0.15207555,0.000460018,0.049934038301433135
0,0.003890756,0.001090274,0.000900075,0.001342128,0.000511621,0.000491427,0,0,0.001669727,0.000457118,0.00073237,1,0.15207555,0.000433351,0.049934038301433135
0,0.004271462,0.001196295,0.000986019,0.001472929,0.000621254,0.000491427,0,0,0.001832405,0.000501271,0.000802676,1,0.1668396291683969,0.000526688,0.05494956
0,0.004271462,0.001196295,0.000986019,0.001472733,0.000548165,0.00054603,0,0,0.001832281,0.000501342,0.000802622,1,0.16685346616853458,0.000533355,0.059965082
0,0.004549566,0.001276631,0.00105165,0.001570588,0.000730887,0.000491427,0.000389408,0,0.001954596,0.000535,0.00085703,1,0.17781928877819375,0.000560022,0.064950571
0,0.004554966,0.001275538,0.001050087,0.001570588,0.00058471,0.000491427,0,0,0.001955332,0.000534652,0.000856155,1,0.17781237027812402,0.000553355,0.05190901
0,0.004749369,0.001332374,0.001098528,0.001639616,0.000877065,0.00054603,0,0,0.002038097,0.000558349,0.000894145,1,0.18585166735851644,0.000580023,0.064950571
0,0.004754769,0.001332374,0.001100091,0.001640008,0.000767432,0.00054603,0.000389408,0,0.002039551,0.000558349,0.000894419,1,0.18584474885844848,0.000580023,0.064950571
0,0.010705655232000864,0.005209813,0.004805085,0.005753855,0.003654436,0.004368243,0.001168224,0.000813008,0.002787104,0.002959857,0.004720487,1,0.22205617822056212,0.00300012,0.096286215
0,0.010711055,0.00520872,0.004805085,0.005754247,0.003654436,0.004477449,0.001168224,0.000813008,0.002787621,0.002959888,0.004718913,1,0.22205617822056212,0.003013454,0.096286215
0,0.012252777665276146,0.005950872,0.005487954,0.006574938,0.00317936,0.005078082,0.001557632,0.001219512,0.003197189,0.003379861,0.005390614,1,0.25541026705410275,0.003466805,0.08420237
0,0.012252777665276146,0.005949779,0.005487954,0.006574741,0.004202602,0.005078082,0.001557632,0.001219512,0.003197458,0.003380383,0.005388557,1,0.25541026705410275,0.003506807,0.090702218
0,0.013718899,0.006654221,0.006134883,0.007353858,0.00376407,0.00556951,0.00194704,0.001219512,0.00358778,0.003777777,0.006020888,1,0.2866265393662655,0.003886822,0.095630871
0,0.013721598963184967,0.006654767,0.00613332,0.007353858,0.003508259,0.005678716,0.001557632,0.001219512,0.003587574,0.003777812,0.006027325,1,0.2866334578663352,0.003820153,0.094207667
0,0.016105734,0.007799145,0.007186533,0.008622056,0.004129513,0.006497761,0.002336449,0.001626016,0.004222811,0.004425124,0.00705838,1,0.33739449287394585,0.004493513,0.10868713879374733
0,0.016116534,0.007800784,0.007189658,0.008621663,0.004056424,0.00666157,0.00194704,0.001626016,0.004223883,0.004425533,0.007057852,1,0.3373875743738761,0.004486846,0.10743419900056968
0,0.017744657297530813,0.008585563,0.007913155,0.009492556,0.004714223,0.007316807,0.002336449,0.001626016,0.004656089,0.004870943,0.007767263,1,0.37282413172824214,0.004880195,0.11639501553387288
0,0.017744657297530813,0.008585016,0.007911593,0.009491968,0.004970034,0.007316807,0.002336449,0.001626016,0.004656506,0.004870381,0.00776574,1,0.37282413172824214,0.005073536,0.11874611790201475
0,0.018981275228490812,0.009178518,0.00845695,0.010170680108342923,0.004970034,0.007644425,0.002336449,0.001626016,0.004986251,0.005205433,0.008303556,1,0.3985886259858873,0.005220209,0.11782621847821027
0,0.018986675306791947,0.009177972,0.00845695,0.010170680108342923,0.005262389,0.007699028,0.00194704,0.001626016,0.004986461,0.005205605,0.008334622,1,0.3985886259858873,0.005246877,0.12324474868981379
0,0.058974255126699335,0.039794165,0.038139096,0.042135451,0.026421576,0.047340832150267555,0.019859813,0.015040650406504066,0.00615552,0.025038854297155827,0.039934308,1,0.4642728656427284,0.024600984039361572,0.008819014
0,0.058987755,0.039794165,0.038142221152689205,0.042135451,0.027262096,0.047286229,0.015576324,0.014634146341463414,0.006160664,0.025039123347460248,0.0399213,1,0.46426594714266045,0.025074336306785603,0.009066546
0,0.06618066,0.044712692,0.042778542598058904,0.047332177,0.030404911562637044,0.053074151,0.015576324,0.017886179,0.006923363,0.028116869966265397,0.04482343,1,0.5220976892209777,0.030254543515073937,0.009779225
0,0.06620766,0.044712692,0.042787918374490384,0.047332177,0.030368367197778107,0.053074151,0.015186915887850467,0.014634146341463414,0.006923022,0.028116869966265397,0.044818253,1,0.5220976892209777,0.027734442711041776,0.010516321916776199
0,0.073900072,0.049904471,0.047747704106746336,0.052725006,0.031428154,0.059244293982745444,0.017523364485981307,0.016666666666666666,0.007728557,0.031274898008617096,0.049877507,1,0.5837761173377611,0.031427923783618014,0.011010742231481982
0,0.073873071,0.049904471,0.047744579,0.052725006,0.032012864,0.059189691,0.024922118380062305,0.019512195,0.007727077,0.031274898008617096,0.049969089,1,0.5837830358378309,0.030967905,0.011010742231481982
0,0.097206809,0.065753059,0.062767698,0.069393752,0.043670516006431806,0.077809326,0.022585669781931463,0.020731707317073172,0.010216633330657367,0.041275320142730804,0.065652347,1,0.7718555417185549,0.040474952,0.00973011
0,0.097187909,0.065753059,0.06276301,0.069393752,0.043524338546996055,0.077754723,0.025700935,0.026422764227642274,0.010217397642780644,0.041275320142730804,0.065652347,1,0.7718693787186943,0.041061642,0.00956593
0,0.11227572799805596,0.075863365,0.072459126,0.080081359,0.04948107,0.089876597,0.035436137,0.029674797,0.011819833,0.047591376227434194,0.075938743,1,0.891517919,0.047095217142019016,0.009396589
0,0.11219472682353894,0.075863365,0.072440374,0.080081359,0.049554159,0.089821994,0.024922118380062305,0.023577235772357725,0.011815870621601977,0.047591376227434194,0.075938743,1,0.8915248374152487,0.048048589,0.009054784
0,0.1257678236334427,0.084880666,0.08117391,0.089788452,0.055218535301856456,0.10068799825270286,0.026090342679127725,0.02804878,0.013260881,0.053381094,0.085082206,1,0.999993081,0.053015454,0.008931724
0,0.12581102425985177,0.084880666,0.08117391,0.089788452,0.05525508,0.10063339521677406,0.027258566978193146,0.027235772,0.013260783718369463,0.053381094,0.085082206,1,1.0000000000000018,0.055028868,0.009049681
0,0.024910561203137442,0.021079715,0.021175191070510527,0.021544647528593763,0.012534717146615993,0.019438681,0.009735202,0.006097561,0.027748043,0.020430306144407738,0.021174014676793584,1,0.10938840459388466,0.019120764830593225,0.29403203957165963
0,0.024910561203137442,0.021079715,0.021175191070510527,0.021544647528593763,0.012973249524923257,0.019438681,0.007788162,0.004878049,0.027745550061210426,0.020431481237168213,0.021173643301317453,1,0.1093745675937452,0.018894089,0.28837076577399184
0,0.031266453,0.026372597026149077,0.026485005789541948,0.026937477,0.015348633240754276,0.024407557060172547,0.008566978,0.005691057,0.033749343,0.025556319119926032,0.026534377405456555,1,0.1393316728933165,0.023560942437697508,0.2943731500364104
0,0.031239452972068094,0.026368772,0.026480317901326204,0.026937477,0.015165911416459583,0.024189144916457357,0.008956386,0.005691057,0.033746986,0.025556108,0.026564959164191906,1,0.1393316728933165,0.023867621371521527,0.2856516002378811
0,0.038694261,0.032689626,0.032712084,0.033310821,0.019112703,0.029977066724909907,0.012461059190031152,0.007723577,0.041245068,0.031538067012146405,0.032709747176912655,1,0.1751902587519023,0.029101164,0.31965184011739783
0,0.038667261,0.032689626,0.032705833,0.033310821,0.019076158,0.030031669760838705,0.017133956386292833,0.010162602,0.041238806,0.031538067012146405,0.032689567223155816,1,0.1751902587519023,0.028781151,0.3152330280542369
0,0.045093354,0.037881404,0.038095342270531775,0.038801702,0.021926618915363252,0.034891339958501695,0.012850467289719626,0.008536585,0.047581459819188814,0.036801447082732565,0.037983950556239765,1,0.20559706655597054,0.033988026187714175,0.2926005605394272
0,0.045047453188071226,0.037881404,0.038082841235289794,0.03870365,0.022401695658529456,0.034836737,0.012850467289719626,0.008130081,0.047582516,0.036801447082732565,0.037947872,1,0.20559706655597054,0.033694681120578156,0.2933601694879757
0,0.050431331254303186,0.042526680278235626,0.042605090734076416,0.043312067936315195,0.024703991,0.039041171,0.015186915887850467,0.010162602,0.052088420494167335,0.041012151139201494,0.042349704,1,0.2321710253217102,0.037821513,0.28744061939486654
0,0.050450232,0.042526680278235626,0.042608216,0.043312067936315195,0.024484724455488965,0.039095773725019115,0.014797507788161994,0.008943089,0.052087466459176585,0.041012151139201494,0.042355215331098345,1,0.2321710253217102,0.038228195794498446,0.2885766949804446
0,0.054948496753202916,0.046352202,0.046428845,0.047234126,0.027554451103639823,0.042754177,0.014797507788161994,0.009349593,0.055761042,0.044696517188611805,0.046109747,1,0.25496748304967554,0.041194981132578634,0.31109441970199586
0,0.054883695813589296,0.046352202,0.046413219,0.047234126,0.027517906738780882,0.042644971,0.021806853582554516,0.013414634146341463,0.055753397,0.044696517188611805,0.046112963,1,0.25496748304967554,0.041468325399682655,0.3090964432326072
0,0.4356918175313542,0.43436935735614945,0.43589078470560844,0.43424317228579884,0.4329776348487063,0.43354810527465326,0.4061526479750779,0.4296747967479675,0.5472718397787204,0.4368183324472808,0.4393914079152064,1,0.28942161339421624,0.4299771990879635,0.000101455
0,0.4356918175313542,0.43436935735614945,0.43589078470560844,0.43424317228579884,0.43326998976757786,0.4328382658075789,0.39641744548286606,0.4186991869918699,0.5466861074665073,0.4368183324472808,0.4393914079152064,1,0.28942161339421624,0.4299771990879635,0.000100435
0,0.5814939316620091,0.5791926619944301,0.582777949,0.5803398227700552,0.5797763484870634,0.5804302719231189,0.618380062,0.5808943089430895,0.7044764029161558,0.5815612843884003,0.582829488,1,0.3906807804068073,0.5766497326559729,5.454363092047382e-05
0,0.5814939316620091,0.5791926619944301,0.582777949,0.5803398227700552,0.581201579,0.5787375778093262,0.5202492211838006,0.5739837398373984,0.70472427,0.5815612843884003,0.582829488,1,0.3906807804068073,0.5699827993119725,5.508366548390281e-05
0,0.7245960066420963,0.7240159666327106,0.7257585393790423,0.7225144155231907,0.7263192515714078,0.723435623,0.735202492,0.7926829268292683,0.821907059,0.7236725462942266,0.7256961017322111,1,0.4902656704026569,0.703321466,3.533791043362945e-05
0,0.7232459870668125,0.7240159666327106,0.7257585393790423,0.7225144155231907,0.7263557959362668,0.7240908594517855,0.7165109034267912,0.7219512195121951,0.821382624,0.7236725462942266,0.7256961017322111,1,0.49025875190258716,0.7199888,3.857629763029757e-05
0,0.7826468483793015,0.781398785,0.781231883,0.7813452814900055,0.7854480339131706,0.7818608714644535,0.7254672897196262,0.8333333333333334,0.8622595602687759,0.7842014171059675,0.7828427472046671,1,0.5307873253078732,0.7799911996479859,3.942684356683933e-05
0,0.7839968679545853,0.781398785,0.781231883,0.7813452814900055,0.7848633240754277,0.7814786502129518,0.7737538940809968,0.8235772357723578,0.8621357109877694,0.7842014171059675,0.7828427472046671,1,0.5307873253078732,0.7833246663199861,5.0579250371673485e-05
0,0.8582479445951966,0.8579092105435738,0.8593633535277141,0.855864378,0.8601812600497004,0.8584143278366277,0.8465732087227414,0.8260162601626017,0.9038938351813722,0.8578887380941738,0.8571333863188599,1,0.5837346063373463,0.8533274664319906,4.9559407329873625e-05
0,0.8582479445951966,0.8579092105435738,0.8593633535277141,0.855864378,0.8556132144423331,0.857813694,0.8014018691588785,0.8878048780487805,0.9038085475249021,0.8578887380941738,0.8571333863188599,1,0.583741525,0.8533274664319906,4.92980809262587e-05
0,1,1,1,1,1.0000000000000002,1,0.963006231,0.9634146341463414,1,1,0.9999999999999999,1,0.6879964023799641,1.0000000000000002,2.815094428470561e-05
0,1,1,1,1,0.9968571846221314,0.9990171453532817,1,1,0.9996832594796267,1,0.9999999999999999,1,0.6879964023799641,0.9966665333279998,2.7511859713568945e-05
0,0.002006129,0.000585305,0.000490666,0.00070852,0.000292355,0.000218412,0,0,0.00085283,0.00025202,0.000396269,1,0.10319634703196456,0.000286678,0.21324050824417223
0,0.002003429,0.000585851,0.000492228,0.000708912,0.000401988,0.000218412,0,0,0.000852518,0.000251706,0.000394585,1,0.10321018403210225,0.000293345,0.20655983324934724
0,0.002392235,0.000696791,0.000585986,0.000844811,0.000511621,0.000273015,0,0,0.001015813,0.00029988,0.000470652,1,0.12179327521793226,0.000366681,0.18508282843893034
0,0.002392235,0.000697338,0.000585986,0.000845007,0.000365444,0.000273015,0,0,0.001016579,0.000299926,0.000469916,1,0.12179327521793226,0.000360014,0.18009733974050757
0,0.002605538,0.000759639,0.000637553,0.000920703,0.000511621,0.000273015,0,0,0.001107422,0.000326741,0.000512436,1,0.1323301508233019,0.000366681,0.2000993607030994
0,0.002608238,0.000760186,0.000637553,0.000920507,0.00058471,0.000327618,0.000389408,0,0.001107445,0.000326367,0.000513847,1,0.13232323232323218,0.000393349,0.1951138719846746
0,0.002848541,0.000831778,0.00069537,0.001007773,0.000511621,0.000327618,0.000389408,0,0.001213725,0.000356801,0.000561096,1,0.14481112494811121,0.000400016,0.27992724606676667
0,0.002853941,0.000831778,0.000696933,0.001007381,0.000657799,0.000327618,0,0,0.001214619,0.00035715,0.000561436,1,0.14481112494811121,0.00041335,0.27992724606676667
0,0.003242747,0.000943811,0.000792253,0.00114426,0.000438532,0.000382221,0,0,0.001378469,0.000404649,0.000636613,1,0.1633734606337356,0.000486686,0.23514794690429952
0,0.003242747,0.000943811,0.00079069,0.001144456,0.000657799,0.000327618,0,0,0.001378125,0.000405292,0.000636222,1,0.1633734606337356,0.000493353,0.23514794690429952
0,0.003572152,0.001039449,0.000870385,0.001260549,0.000694343,0.000382221,0.000389408,0,0.001520875,0.000446026,0.000698909,1,0.17941746229417532,0.000533355,0.20798720426651848
0,0.003574852,0.001039449,0.000871947,0.001260353,0.000803976,0.000436824,0.000389408,0,0.001518773,0.000445776,0.000699121,1,0.17942438079424328,0.000526688,0.26016548959975944
0,0.010948658755551956,0.005409287,0.00500979,0.005940153,0.003617892,0.004586655,0.001557632,0.001219512,0.002834886,0.003075846,0.004768183,1,0.2568977445689775,0.003180127,0.9933293260156462
0,0.010948658755551956,0.00541038,0.005011353,0.00593976,0.004348779,0.004586655,0.001557632,0.001219512,0.002835002,0.003076127,0.004765738,1,0.2568977445689775,0.003226796,0.9999999999999999
0,0.012568682245892566,0.00619953,0.0057411,0.006809084,0.003617892,0.005241891,0.001557632,0.001219512,0.00326372,0.003522248,0.00545496,1,0.2953161754531628,0.003686814,0.001431887
0,0.012552482,0.006198437,0.005736413,0.006808496,0.004275691,0.005187288,0.00194704,0.001219512,0.003263456,0.003521521,0.00545852,1,0.29530925695309307,0.003693481,0.001431887
0,0.013443494930676494,0.006627442,0.006134883,0.007278751,0.004202602,0.00556951,0.00194704,0.001626016,0.003494262,0.003764882,0.005836352,1,0.31654213366542194,0.00391349,0.001322157
0,0.013443494930676494,0.006625256,0.00613332,0.007279731,0.004239146,0.00556951,0.00194704,0.001626016,0.003494272,0.003764733,0.005837029,1,0.31654213366542194,0.003860154,0.001227087
0,0.014715213370593875,0.007247177,0.006708368,0.00796315,0.004933489,0.00611554,0.002336449,0.001219512,0.003831467,0.004114198,0.006381776,1,0.34730870347308773,0.004393509,0.001322157
0,0.014717913409744442,0.00724663,0.006708368,0.007962954,0.003983336,0.00611554,0.00194704,0.001219512,0.003830951,0.004116272,0.006382269,1,0.34730870347308773,0.004320173,0.00239733
0,0.016599840697690115,0.008164209,0.007556876,0.008972688,0.005627832,0.006879983,0.002336449,0.001626016,0.004328866,0.004633925,0.007190026,1,0.3924519164245197,0.004780191,0.00114439
0,0.016602541,0.008164209,0.007556876,0.008972491,0.006102909,0.006825379,0.002336449,0.001626016,0.004329297,0.004634961,0.007187565,1,0.3924519164245197,0.004893529,0.001070974
0,0.017971461,0.008835315,0.00817724,0.009680423,0.004896945,0.007426013,0.002725857,0.00203252,0.004690788,0.005013136,0.007773432,1,0.42538397675384054,0.005293545,0.002250055
0,0.017971461,0.008833129,0.008174114,0.009680423,0.005993276,0.007316807,0.002725857,0.00203252,0.004690639,0.005014139,0.007771753,1,0.4253770582537708,0.005253543,0.001070974
0,0.022040419586083996,0.018316049,0.018896877397659495,0.019289464,0.010086244701067096,0.016544719886425686,0.006619938,0.004471545,0.013667152031667067,0.017980749823854485,0.021595980745503698,1,0.10323785803237939,0.016954011493793084,0.000873733
0,0.02203772,0.018314409754860598,0.018896877397659495,0.019289464,0.010451688349656483,0.016490116850496887,0.007398754,0.004471545,0.013666715669071862,0.017980428740037857,0.021588287,1,0.10323785803237939,0.017134018694081096,0.000873733
0,0.025707073,0.02134149,0.022006509914102263,0.022427110518095983,0.012023096,0.019220269,0.007398754,0.004878049,0.015951360246150282,0.020941507489102118,0.025125657801785366,1,0.1218209492182094,0.019907462965185273,0.000731537
0,0.025715172870006613,0.021342583,0.022009635172912757,0.022427110518095983,0.011621108025142523,0.019220269,0.007398754,0.004471545,0.015951279839792158,0.020941851693368384,0.025123474912507212,1,0.12181403071814145,0.020254143499073295,0.000714612
0,0.027778002781040322,0.023026905,0.023747279071548114,0.024192036497100423,0.013082882619500073,0.020749153652943105,0.008566978,0.005284553,0.017202258221421605,0.022586630373735553,0.027069635735894836,1,0.13235090632350932,0.021567529,0.000667551
0,0.027769903,0.023025812,0.023741028553927124,0.024192036497100423,0.012680894606051747,0.020749153652943105,0.009345794,0.005691057,0.017202264,0.022586897,0.027073125898119624,1,0.13235782482357905,0.021774204301505392,0.000667551
0,0.030102736489679097,0.024958247168021266,0.025731818416212596,0.026251117,0.014288846659845053,0.022551053838593425,0.010903426791277258,0.006097561,0.018671389893944023,0.024478808627768172,0.029332781941250125,1,0.1448457174484581,0.023020920836833474,0.000600076
0,0.030132436920335345,0.024962073,0.025739631563238833,0.026251117,0.013704136822102033,0.022496451,0.008956386,0.005284553,0.018676976780670197,0.024478974,0.029333407778737754,1,0.1448457174484581,0.023234262703841487,0.000612622
0,0.033809890243408525,0.02804435,0.028853952,0.029388763,0.016006431808215177,0.025226603,0.010514018691588784,0.006910569,0.020945019703401888,0.027327362955677472,0.032859578,1,0.16340113463401096,0.026507726975745695,0.000533303
0,0.03382339,0.02804435,0.028857077,0.029388763,0.015312088875895337,0.025226603,0.009345794,0.006097561,0.020944043,0.027327362955677472,0.032857003,1,0.16340113463401096,0.02626105,0.000533303
0,0.036947336,0.030503613478076484,0.031508859,0.032134203,0.016883496564829705,0.027519930108114012,0.010903426791277258,0.006910569,0.022879387081232046,0.029959052990970552,0.035866332,1,0.17945205479452042,0.028547808579009827,0.000478142
0,0.036939235618916474,0.030503613478076484,0.031508859,0.032134203,0.016883496564829705,0.027465327072185214,0.012461059190031152,0.006910569,0.022879908367396503,0.029959052990970552,0.03587455,1,0.17944513629445247,0.028141126,0.000781421
0,0.3857410932458521,0.37152150817349944,0.3819800702245655,0.3832564217812261,0.3658090922379769,0.3801463361362892,0.35514018691588783,0.36585365853658536,0.2256865634889087,0.37628946163553995,0.4285335452754398,1,0.2569738480697392,0.3733082656639599,6.425249187388179e-07
0,0.3857410932458521,0.37152150817349944,0.3819800702245655,0.3832564217812261,0.3629586317789797,0.3793272905973572,0.3309968847352025,0.34959349593495936,0.22561387704460822,0.37628946163553995,0.4285335452754398,1,0.2569738480697392,0.3699747989919597,0
0,,,,,0.4189080543780149,0.43458556295730044,0.4213395638629283,0.39471544715447154,,,,1,0.2953922789539227,0.4233102657439631,2.0276108635566126e-05
0,,,,,0.4175559128782342,0.43354810527465326,0.3983644859813084,0.39390243902439026,0.2590408509299719,0.4289232623414016,0.49025192238569226,1,0.29537844195378504,0.4199767990719629,1.85346126801786e-05
0,0,5.465030363708634e-07,0,0,0,0,0,0,8.709183059557558e-07,2.1817684117892474e-07,0,1,0,0,0.059965082
0,0,0,0,0,3.654436485893875e-05,0,0,0,0,0,3.4606922711855775e-07,1,6.918500069730271e-06,6.666933344000428e-06,0.12039305494346086
0,5.940086131248903e-05,1.694159412749697e-05,1.4063664647228602e-05,2.0590803088385145e-05,3.654436485893875e-05,0,0,0,2.6340761544030523e-05,7.5505497736409464e-06,1.1658065400592157e-05,1,0.002144735,6.666933344000428e-06,0.039902995
0,5.940086131248903e-05,1.694159412749697e-05,1.4063664647228602e-05,2.0590803088385145e-05,3.654436485893875e-05,0,0,0,2.7292989650334822e-05,7.52577241195866e-06,1.1499185153916727e-05,1,0.002130898,6.666933344000428e-06,0.059965082
0,0.000121502,3.388318825499395e-05,2.8127329294457204e-05,4.118160617677026e-05,3.654436485893875e-05,0,0,0,5.234092536882313e-05,1.4580756266954672e-05,2.270144376702249e-05,1,0.004241041,2.0000800032001277e-05,0.069936059
0,0.000121502,3.388318825499395e-05,2.8127329294457204e-05,4.118160617677026e-05,3.654436485893875e-05,0,0,0,5.150524130968513e-05,1.3912276207216812e-05,2.1881872865113443e-05,1,0.004241041,1.333386668800085e-05,0.046543666
0,0.000180903,5.027827934612004e-05,4.062836453643818e-05,6.177240926515541e-05,7.308872971787752e-05,0,0,0,7.869614198847117e-05,2.116729640080947e-05,3.316824791155594e-05,1,0.006358102,2.6667733376001706e-05,0.069936059
0,0.000180903,5.027827934612004e-05,4.062836453643818e-05,6.157630637859937e-05,7.308872971787752e-05,0,0,0,7.823448301093653e-05,2.1189053898176256e-05,3.336293224601923e-05,1,0.00636502,2.0000800032001277e-05,0.069936059
0,0.000240303,6.721987347361703e-05,5.4692029183666765e-05,8.236321235354055e-05,3.654436485893875e-05,5.460303592879764e-05,0,0,0.000105506,2.837873580741768e-05,4.437545028096152e-05,1,0.008447489,3.3334666720002134e-05,0.069936059
0,0.000237603,6.721987347361703e-05,5.4692029183666765e-05,8.25593152400966e-05,7.308872971787752e-05,5.460303592879764e-05,0,0,0.000105667,2.8408603120797225e-05,4.44773781807591e-05,1,0.008468244,2.6667733376001706e-05,0.079967103
0,0.000299704,8.416146760111398e-05,6.875569383089538e-05,0.000102954,7.308872971787752e-05,5.460303592879764e-05,0,0,0.000130408,3.534384955306045e-05,5.4910045205153126e-05,1,0.011014252110141953,4.000160006400256e-05,0.4332627386126602
0,0.000299704,8.306846152837225e-05,6.875569383089538e-05,0.000102758,7.308872971787752e-05,5.460303592879764e-05,0,0,0.000129839,3.492885414069103e-05,5.489532765807814e-05,1,0.011014252110141953,4.000160006400256e-05,0.32524714044930986
0,0.001042215,0.000561805,0.000523481,0.000613214,0.000767432,0.00054603,0,0,0.000221896,0.000331183,0.000515406,1,0.013110557631105024,0.000340014,0.5132708223830194
0,0.001042215,0.000561805,0.000523481,0.000613214,0.000767432,0.00054603,0,0,0.000222219,0.000331674,0.000515013,1,0.013110557631105024,0.000320013,0.5065901473881944
0,0.001277119,0.000672199,0.000625052,0.000736366,0.000877065,0.000600633,0,0,0.000285684,0.000393506,0.000610336,1,0.01734468,0.000406683,0.5799575602056138
0,0.001277119,0.000671652,0.000625052,0.00073617,0.000913609,0.000600633,0,0,0.000285343,0.000393151,0.000611828,1,0.01734468,0.000406683,0.43036286601846485
0,0.001506622,0.000780406,0.00072506,0.00085697,0.000475077,0.000709839,0,0,0.000348024,0.000453797,0.000707397,1,0.021551127715511598,0.000480019,0.6466042939863231
0,0.001509322,0.000780953,0.00072506,0.000857166,0.000621254,0.000709839,0,0,0.000348187,0.000454176,0.000705548,1,0.021551127715511598,0.000460018,0.4904289949151249
0,0.001741525,0.0008908,0.000825068,0.000979926,0.00058471,0.000819046,0,0,0.000411584,0.000516659,0.000805578,1,0.02620036,0.000546689,0.7199717068037426
0,0.001741525,0.0008908,0.000825068,0.000979926,0.00116942,0.000819046,0,0,0.000410667,0.000516197,0.000803994,1,0.026207278262072364,0.000480019,0.5404941135405102
0,0.001976429,0.001001194,0.000926639,0.001102687,0.001279053,0.000873649,0,0,0.000473681,0.000577164,0.000899463,1,0.030413726304137967,0.000600024,0.4801395517014741
0,0.001973729,0.001000647,0.000925077,0.00110249,0.00058471,0.000873649,0,0,0.000474501,0.000578798,0.000899418,1,0.030420645,0.000580023,0.77997777
0,0.002208632,0.001111041,0.001026648,0.001225251,0.000621254,0.000982855,0,0,0.000537329,0.000640523,0.000994476,1,0.035076795350768464,0.00067336,0.7225685821840326
0,0.002211332,0.001111041,0.00102821,0.001225643,0.001279053,0.000982855,0,0,0.000537582,0.000640072,0.000994796,1,0.035076795350768464,0.000666693,0.7225685821840326
0,0.011969274,0.008091524,0.00772564,0.008586365,0.005956731,0.009773943,0.003504673,0.003252033,0.001183587,0.00508775,0.00791985,1,0.074346202,0.005300212,0.18043082575490735
0,0.002702739,0.002439043,0.00244864,0.002462072,0.001571408,0.002293328,0.000778816,0.000406504,0.001926586,0.002397092,0.002343975,1,2.7674000277144728e-05,0.002113418,0.3207642683137165
0,0.002700039,0.002438497,0.002447078,0.002461876,0.001644496,0.002293328,0.000778816,0.000406504,0.001926789,0.002397374,0.002344646,1,2.7674000277144728e-05,0.002100084,0.42538944031885034
0,0.003207647,0.002858211,0.002865862,0.002888792,0.001644496,0.002675549,0.000778816,0.000406504,0.0022691,0.002800578,0.002742799,1,0.002144735,0.002460098,0.36096269863930547
0,0.003207647,0.002858211,0.002865862,0.002888792,0.002448472,0.002675549,0.000778816,0.000406504,0.002269311,0.002799267,0.002742889,1,0.002151654,0.002486766,0.4126759451864597
0,0.003712554,0.003277379,0.003283084,0.0033161,0.002960094,0.00305777,0.001168224,0.000406504,0.002612431,0.003203594,0.003141645,1,0.004254878,0.002766777,0.3207642683137165
0,0.003709854,0.003277379,0.003283084,0.0033161,0.002156118,0.00305777,0.000778816,0.000406504,0.002610721,0.003203037,0.003145752,1,0.004254878,0.002846781,0.38313148750545256
0,0.004217461,0.003696547,0.003700306,0.00374282,0.002156118,0.003439991,0.001168224,0.000813008,0.00295273,0.003606169,0.003540406,1,0.006378857,0.003193461,0.3207642683137165
0,0.004217461,0.003696,0.003700306,0.003742624,0.002229206,0.003439991,0.001557632,0.000813008,0.002954017,0.003605706,0.003545059,1,0.006378857,0.003193461,0.3207642683137165
0,0.004722368,0.004115168,0.004117528,0.004169147,0.002411928,0.003876816,0.001168224,0.000813008,0.003296238,0.004008769,0.003938611,1,0.008475163,0.003540142,0.2887932944649894
0,0.004722368,0.004114621,0.004115966,0.004169147,0.002411928,0.003822213,0.001168224,0.000406504,0.003295423,0.004008886,0.003940173,1,0.008468244,0.003553475,0.31529569958637543
0,0.004722368,0.004115168,0.004117528,0.004168951,0.002485017,0.003876816,0.001168224,0.000406504,0.003296229,0.004009139,0.003939036,1,0.008468244,0.003513474,0.2887932944649894
0,0.005227276,0.004534882,0.004536313,0.004596652,0.002777372,0.004204434,0.001557632,0.000813008,0.003639131,0.004412164,0.004338141,1,0.011007334,0.003866821,0.2624728607294317
0,0.005232676,0.004535975,0.004537876,0.004597044,0.002667739,0.004204434,0.001168224,0.000813008,0.003637783,0.004411811,0.004336984,1,0.011014252110141953,0.003873488,0.2624728607294317
0,0.029765231595858137,0.029683858923520177,0.029636829299926403,0.029584865877391772,0.031757053,0.030850715299770667,0.033489097,0.034146341,0.018861522924194653,0.029695883987441246,0.028018132,1,0.004296389,0.027727775777697774,0.053446206160056096
0,0.044626247080582666,0.044439441,0.044336484,0.044292582,0.046959509,0.046194168395762805,0.053738317757009345,0.051219512,0.028104616849876363,0.044433348,0.041932523,0,0.01314515,0.041574996,0.032346736
0,0.044631647,0.044439441,0.044339609,0.044292582,0.047178775032889926,0.046194168395762805,0.044392523,0.046747967479674794,0.028098121,0.044433348,0.041926007393743386,1,0.013158987131589583,0.041428324,0.032716215
0,0.052089155292751745,0.052090483,0.051701156502022824,0.051646440614947275,0.055364713,0.053893196461723275,0.056074766355140186,0.057317073,0.032701002,0.051802080283903124,0.048887865,1,0.017393109173930554,0.048435271,0.027936817
0,0.052086455,0.052090483,0.051699594,0.051646440614947275,0.054560737,0.053838593,0.052570093457943924,0.054471545,0.032799845,0.051802080283903124,0.048912353742521814,1,0.017393109173930554,0.048435271,0.032176949159838104
0,0.059395461234187895,0.059195023,0.058904878,0.058804195974243065,0.062527408,0.061373812,0.05529595,0.060569106,0.037290632199155606,0.059170812,0.055714001,1,0.021606475716065887,0.055028868,0.0245809
0,0.05933606,0.059195023,0.058889252,0.058804195974243065,0.062308142,0.061428415419897346,0.063862928,0.057723577,0.037325834,0.059170812,0.055708859,1,0.021606475716065887,0.055208875,0.023765757
0,0.066647766,0.066572814,0.066196107,0.066158054,0.070420991,0.069018237,0.070093458,0.066260163,0.042067379,0.066539544,0.062795014,1,0.026262626262626654,0.061522461,0.022460148
0,0.066807069,0.066572814,0.066238298,0.066158054,0.070274814,0.06907284,0.064641745,0.067073171,0.041953702270150016,0.066539544,0.062795014,1,0.026262626262626654,0.061875808,0.025001590903740014
0,0.074234876,0.073950605,0.073585781,0.073511912,0.077766408,0.07644425,0.066978193,0.075203252,0.046778774,0.073908277,0.069652612,1,0.030469074,0.068989426,0.019411560224257454
0,0.074226776,0.073950605,0.073582656,0.073511912,0.077876042,0.076608059,0.071261682,0.073170732,0.046735556925031424,0.073908277,0.069652612,1,0.030469074,0.068982759,0.019678593
0,0.074248377,0.073950605,0.073587344,0.073511912,0.078826195,0.076608059,0.07165109,0.072357724,0.046684551,0.073908277,0.069652612,1,0.030469074,0.06882942,0.019411560224257454
0,0.074275377,0.073950605,0.073595157,0.073511912,0.078460751,0.076608059,0.073208723,0.072764228,0.04659788,0.073908277,0.069652612,1,0.030469074,0.069056096,0.022614221871326078
0,0.081619483,0.081328396,0.08117391,0.080865771,0.086281245,0.084252484,0.079439252,0.091056911,0.051546989,0.081277009,0.076510209,1,0.035132143,0.075949705,0.017615877
0,0.081697785,0.081328396,0.08117391,0.080865771,0.086500512,0.084361691,0.080218069,0.084146341,0.051393619215766594,0.081277009,0.076510209,1,0.035132143,0.075303012,0.017724804