machine,0,1,2,3,4,5,6,7,8,9,10,11,12,13,14,15,16,17,18,19,20,21,22,23,24,25,26,27,28,29,30,machine1
quartz,0.41531262,0.8079886,1.2476676,0.93389076,0.8706516,0.8238732,1.2180394,-0.15215927,-0.67092264,1.0573508,-0.80555224,-1.2442333,-0.28433076,0.6020206,-0.64750105,1,2426000000,3356000000,968000000,11516000000,32000000,12000000,0,0,1556948,1461157400,1076277800,37771,2190229,116000000,16.332,corona
quartz,0.41531262,0.8079886,1.2476676,0.93389076,0.8706516,0.8238732,1.2180394,-0.15215927,-0.67092264,1.0573508,-0.80555224,-1.2442333,-0.28433076,0.6020206,-0.64750105,1,2426000000,3356000000,968000000,11516000000,32000000,12000000,0,0,1556449,1460442900,1077872400,37771,2190229,116000000,13.332,corona
quartz,0.41531262,0.8079886,1.2476676,0.93389076,0.8706516,0.8238732,1.2180394,-0.15215927,-0.67092264,1.0573508,-0.80555224,-1.2442333,-0.28433076,0.6020206,-0.64750105,1,2792000000,3862000000,1114000000,13250000000,26000000,16000000,0,0,1789740,1680159200,1238203100,37771,2193037,140000000,10.25976,corona
quartz,0.41531262,0.8079886,1.2476676,0.93389076,0.8706516,0.8238732,1.2180394,-0.15215927,-0.67092264,1.0573508,-0.80555224,-1.2442333,-0.28433076,0.6020206,-0.64750105,1,2792000000,3862000000,1108000000,13250000000,38000000,14000000,0,0,1790082,1681196800,1238368900,37771,2193037,136000000,10.25976,corona
quartz,0.41531262,0.8079886,1.2476676,0.93389076,0.8706516,0.8238732,1.2180394,-0.15215927,-0.67092264,1.0573508,-0.80555224,-1.2442333,-0.28433076,0.6020206,-0.64750105,1,3154000000,4360000000,1258000000,14964000000,30000000,16000000,0,0,2021762,1896564600,1396403700,37771,2195719,150000000,10.51051,corona
quartz,0.41531262,0.8079886,1.2476676,0.93389076,0.8706516,0.8238732,1.2180394,-0.15215927,-0.67092264,1.0573508,-0.80555224,-1.2442333,-0.28433076,0.6020206,-0.64750105,1,3152000000,4358000000,1258000000,14960000000,30000000,18000000,0,0,2022435,1897379700,1397572100,37771,2195719,142000000,10.25976,corona
quartz,0.41531262,0.8079886,1.2476676,0.93389076,0.8706516,0.8238732,1.2180394,-0.15215927,-0.67092264,1.0573508,-0.80555224,-1.2442333,-0.28433076,0.6020206,-0.64750105,1,3434000000,4746000000,1368000000,16294000000,36000000,18000000,0,0,2202499,2065152500,1520600600,37771,2197853,170000000,10.75976,corona
quartz,0.41531262,0.8079886,1.2476676,0.93389076,0.8706516,0.8238732,1.2180394,-0.15215927,-0.67092264,1.0573508,-0.80555224,-1.2442333,-0.28433076,0.6020206,-0.64750105,1,3434000000,4746000000,1368000000,16292000000,32000000,20000000,0,0,2202362,2065422000,1520506000,37771,2197855,172000000,10.75976,corona
quartz,0.41531262,0.8079886,1.2476676,0.93389076,0.8706516,0.8238732,1.2180394,-0.15215927,-0.67092264,1.0573508,-0.80555224,-1.2442333,-0.28433076,0.6020206,-0.64750105,1,3640000000,5040000000,1452000000,17290000000,42000000,18000000,2000000,0,2337750,2193318000,1615712500,37771,2199440,180000000,11.01051,corona
quartz,0.41531262,0.8079886,1.2476676,0.93389076,0.8706516,0.8238732,1.2180394,-0.15215927,-0.67092264,1.0573508,-0.80555224,-1.2442333,-0.28433076,0.6020206,-0.64750105,1,3644000000,5036000000,1450000000,17290000000,34000000,18000000,0,0,2338564,2191995100,1614181100,37771,2199439,178000000,8.803122,corona
quartz,0.41531262,0.8079886,1.2476676,0.93389076,0.8706516,0.8238732,1.2180394,-0.15215927,-0.67092264,1.0573508,-0.80555224,-1.2442333,-0.28433076,0.6020206,-0.64750105,1,3788000000,5244000000,1512000000,17994000000,50000000,20000000,0,0,2430175,2282039300,1680659600,37771,2200601,186000000,13.513514,corona
quartz,0.41531262,0.8079886,1.2476676,0.93389076,0.8706516,0.8238732,1.2180394,-0.15215927,-0.67092264,1.0573508,-0.80555224,-1.2442333,-0.28433076,0.6020206,-0.64750105,1,3792000000,5244000000,1514000000,17998000000,44000000,20000000,2000000,0,2431784,2282041900,1681138700,37771,2200600,186000000,11.261261,corona
quartz,0.41531262,0.8079886,1.2476676,0.93389076,0.8706516,0.8238732,1.2180394,-0.15215927,-0.67092264,1.0573508,-0.80555224,-1.2442333,-0.28433076,0.6020206,-0.64750105,1,8200000000,19434000000,6256000000,59954000000,202000000,160000000,6000000,4000000,3259234,11407388000,8376314400,37771,2205834,912000000,4.2733226,corona
quartz,0.41531262,0.8079886,1.2476676,0.93389076,0.8706516,0.8238732,1.2180394,-0.15215927,-0.67092264,1.0573508,-0.80555224,-1.2442333,-0.28433076,0.6020206,-0.64750105,1,8204000000,19430000000,6256000000,59958000000,202000000,164000000,6000000,4000000,3259806,11407505000,8373560000,37771,2205834,916000000,4.1822147,corona
quartz,0.41531262,0.8079886,1.2476676,0.93389076,0.8706516,0.8238732,1.2180394,-0.15215927,-0.67092264,1.0573508,-0.80555224,-1.2442333,-0.28433076,0.6020206,-0.64750105,1,9346000000,22146000000,7130000000,68328000000,176000000,186000000,8000000,6000000,3713148,13003335000,9548959000,37771,2210655,1052000000,3.3574796,corona
quartz,0.41531262,0.8079886,1.2476676,0.93389076,0.8706516,0.8238732,1.2180394,-0.15215927,-0.67092264,1.0573508,-0.80555224,-1.2442333,-0.28433076,0.6020206,-0.64750105,1,9346000000,22142000000,7130000000,68326000000,232000000,186000000,8000000,6000000,3713446,13005317000,9545360000,37771,2210655,1064000000,3.6163435,corona
quartz,0.41531262,0.8079886,1.2476676,0.93389076,0.8706516,0.8238732,1.2180394,-0.15215927,-0.67092264,1.0573508,-0.80555224,-1.2442333,-0.28433076,0.6020206,-0.64750105,1,10432000000,24720000000,7958000000,76272000000,208000000,204000000,10000000,6000000,4145484,14515350000,10651865000,37771,2215167,1178000000,3.4290614,corona
quartz,0.41531262,0.8079886,1.2476676,0.93389076,0.8706516,0.8238732,1.2180394,-0.15215927,-0.67092264,1.0573508,-0.80555224,-1.2442333,-0.28433076,0.6020206,-0.64750105,1,10434000000,24722000000,7956000000,76272000000,194000000,208000000,8000000,6000000,4145256,14515483000,10663130000,37771,2215168,1158000000,3.4290614,corona
quartz,0.41531262,0.8079886,1.2476676,0.93389076,0.8706516,0.8238732,1.2180394,-0.15215927,-0.67092264,1.0573508,-0.80555224,-1.2442333,-0.28433076,0.6020206,-0.64750105,1,12200000000,28910000000,9304000000,89206000000,228000000,238000000,12000000,8000000,4848386,16975164000,12467357000,37771,2222505,1360000000,3.1256564,corona
quartz,0.41531262,0.8079886,1.2476676,0.93389076,0.8706516,0.8238732,1.2180394,-0.15215927,-0.67092264,1.0573508,-0.80555224,-1.2442333,-0.28433076,0.6020206,-0.64750105,1,12208000000,28916000000,9308000000,89202000000,224000000,244000000,10000000,8000000,4849573,16976721000,12466432000,37771,2222504,1358000000,3.0630157,corona
quartz,0.41531262,0.8079886,1.2476676,0.93389076,0.8706516,0.8238732,1.2180394,-0.15215927,-0.67092264,1.0573508,-0.80555224,-1.2442333,-0.28433076,0.6020206,-0.64750105,1,13414000000,31788000000,10234000000,98084000000,260000000,268000000,12000000,8000000,5327972,18669206000,13707820000,37771,2227626,1476000000,2.9414048,corona
quartz,0.41531262,0.8079886,1.2476676,0.93389076,0.8706516,0.8238732,1.2180394,-0.15215927,-0.67092264,1.0573508,-0.80555224,-1.2442333,-0.28433076,0.6020206,-0.64750105,1,13414000000,31786000000,10232000000,98078000000,274000000,268000000,12000000,8000000,5328433,18667070000,13705154000,37771,2227626,1534000000,2.9414048,corona
quartz,0.41531262,0.8079886,1.2476676,0.93389076,0.8706516,0.8238732,1.2180394,-0.15215927,-0.67092264,1.0573508,-0.80555224,-1.2442333,-0.28433076,0.6020206,-0.64750105,1,14330000000,33958000000,10930000000,1.05E+11,274000000,280000000,12000000,8000000,5693421,19940213000,14646269000,37771,2231350,1578000000,2.6847758,corona
quartz,0.41531262,0.8079886,1.2476676,0.93389076,0.8706516,0.8238732,1.2180394,-0.15215927,-0.67092264,1.0573508,-0.80555224,-1.2442333,-0.28433076,0.6020206,-0.64750105,1,14334000000,33956000000,10930000000,1.05E+11,290000000,282000000,10000000,8000000,5693653,19940866000,14700632000,37771,2231350,1586000000,2.8333333,corona
quartz,0.41531262,0.8079886,1.2476676,0.93389076,0.8706516,0.8238732,1.2180394,-0.15215927,-0.67092264,1.0573508,-0.80555224,-1.2442333,-0.28433076,0.6020206,-0.64750105,1,43954000000,1.46E+11,48920000000,4.31E+11,1448000000,1734000000,102000000,74000000,6987658,95304030000,69996410000,37771,2240844,7392000000,0.7162085,corona
quartz,0.41531262,0.8079886,1.2476676,0.93389076,0.8706516,0.8238732,1.2180394,-0.15215927,-0.67092264,1.0573508,-0.80555224,-1.2442333,-0.28433076,0.6020206,-0.64750105,1,43964000000,1.46E+11,48924000000,4.31E+11,1494000000,1732000000,80000000,72000000,6993352,95305060000,69973656000,37771,2240843,7534000000,0.7360833,corona
quartz,0.41531262,0.8079886,1.2476676,0.93389076,0.8706516,0.8238732,1.2180394,-0.15215927,-0.67092264,1.0573508,-0.80555224,-1.2442333,-0.28433076,0.6020206,-0.64750105,1,49292000000,1.64E+11,54858000000,4.84E+11,1666000000,1944000000,80000000,88000000,7837567,1.07E+11,78551810000,37771,2249202,9088000000,0.7831273,corona
quartz,0.41531262,0.8079886,1.2476676,0.93389076,0.8706516,0.8238732,1.2180394,-0.15215927,-0.67092264,1.0573508,-0.80555224,-1.2442333,-0.28433076,0.6020206,-0.64750105,1,49312000000,1.64E+11,54870000000,4.84E+11,1664000000,1944000000,78000000,72000000,7837189,1.07E+11,78542750000,37771,2249202,8332000000,0.67896295,corona
quartz,0.41531262,0.8079886,1.2476676,0.93389076,0.8706516,0.8238732,1.2180394,-0.15215927,-0.67092264,1.0573508,-0.80555224,-1.2442333,-0.28433076,0.6020206,-0.64750105,1,55010000000,1.83E+11,61218000000,5.39E+11,1722000000,2170000000,90000000,82000000,8728818,1.19E+11,87395860000,37771,2258117,9440000000,0.6222,corona
quartz,0.41531262,0.8079886,1.2476676,0.93389076,0.8706516,0.8238732,1.2180394,-0.15215927,-0.67092264,1.0573508,-0.80555224,-1.2442333,-0.28433076,0.6020206,-0.64750105,1,54990000000,1.83E+11,61214000000,5.39E+11,1754000000,2168000000,128000000,96000000,8727180,1.19E+11,87556120000,37771,2258118,9302000000,0.73333335,corona
quartz,0.41531262,0.8079886,1.2476676,0.93389076,0.8706516,0.8238732,1.2180394,-0.15215927,-0.67092264,1.0573508,-0.80555224,-1.2442333,-0.28433076,0.6020206,-0.64750105,1,72274000000,2.41E+11,80442000000,7.09E+11,2392000000,2850000000,116000000,102000000,11482814,1.57E+11,1.15E+11,37771,2285302,12154000000,0.4830672,corona
quartz,0.41531262,0.8079886,1.2476676,0.93389076,0.8706516,0.8238732,1.2180394,-0.15215927,-0.67092264,1.0573508,-0.80555224,-1.2442333,-0.28433076,0.6020206,-0.64750105,1,72260000000,2.41E+11,80436000000,7.09E+11,2384000000,2848000000,132000000,130000000,11483660,1.57E+11,1.15E+11,37771,2285304,12330000000,0.4833,corona
quartz,0.41531262,0.8079886,1.2476676,0.93389076,0.8706516,0.8238732,1.2180394,-0.15215927,-0.67092264,1.0573508,-0.80555224,-1.2442333,-0.28433076,0.6020206,-0.64750105,1,83436000000,2.78E+11,92846000000,8.18E+11,2710000000,3292000000,182000000,146000000,13257360,1.81E+11,1.33E+11,37771,2302598,14140000000,0.42445827,corona
quartz,0.41531262,0.8079886,1.2476676,0.93389076,0.8706516,0.8238732,1.2180394,-0.15215927,-0.67092264,1.0573508,-0.80555224,-1.2442333,-0.28433076,0.6020206,-0.64750105,1,83376000000,2.78E+11,92822000000,8.18E+11,2714000000,3290000000,128000000,116000000,13252974,1.81E+11,1.33E+11,37771,2302599,14426000000,0.4225471,corona
quartz,0.41531262,0.8079886,1.2476676,0.93389076,0.8706516,0.8238732,1.2180394,-0.15215927,-0.67092264,1.0573508,-0.80555224,-1.2442333,-0.28433076,0.6020206,-0.64750105,1,93430000000,3.11E+11,1.04E+11,9.17E+11,3024000000,3688000000,134000000,138000000,14852424,2.03E+11,1.49E+11,37771,2318277,15916000000,0.38710177,corona
quartz,0.41531262,0.8079886,1.2476676,0.93389076,0.8706516,0.8238732,1.2180394,-0.15215927,-0.67092264,1.0573508,-0.80555224,-1.2442333,-0.28433076,0.6020206,-0.64750105,1,93462000000,3.11E+11,1.04E+11,9.17E+11,3026000000,3686000000,140000000,134000000,14852316,2.03E+11,1.49E+11,37771,2318278,16520000000,0.39866668,corona
quartz,0.41531262,0.8079886,1.2476676,0.93389076,0.8706516,0.8238732,1.2180394,-0.15215927,-0.67092264,1.0573508,-0.80555224,-1.2442333,-0.28433076,0.6020206,-0.64750105,1,18722000000,77512000000,27208000000,2.21E+11,688000000,712000000,50000000,30000000,30887940,77792290000,37168080000,37771,2189549,5748000000,1.3863357,corona
quartz,0.41531262,0.8079886,1.2476676,0.93389076,0.8706516,0.8238732,1.2180394,-0.15215927,-0.67092264,1.0573508,-0.80555224,-1.2442333,-0.28433076,0.6020206,-0.64750105,1,18722000000,77512000000,27208000000,2.21E+11,712000000,712000000,40000000,24000000,30885180,77796750000,37167428000,37771,2189547,5680000000,1.3333334,corona
quartz,0.41531262,0.8079886,1.2476676,0.93389076,0.8706516,0.8238732,1.2180394,-0.15215927,-0.67092264,1.0573508,-0.80555224,-1.2442333,-0.28433076,0.6020206,-0.64750105,1,23430000000,96882000000,34004000000,2.76E+11,842000000,894000000,44000000,28000000,37530644,97270320000,46548090000,37771,2193877,7080000000,1.1481111,corona
quartz,0.41531262,0.8079886,1.2476676,0.93389076,0.8706516,0.8238732,1.2180394,-0.15215927,-0.67092264,1.0573508,-0.80555224,-1.2442333,-0.28433076,0.6020206,-0.64750105,1,23410000000,96868000000,33998000000,2.76E+11,832000000,886000000,46000000,28000000,37528036,97269514000,46601605000,37771,2193877,7172000000,1.1250402,corona
quartz,0.41531262,0.8079886,1.2476676,0.93389076,0.8706516,0.8238732,1.2180394,-0.15215927,-0.67092264,1.0573508,-0.80555224,-1.2442333,-0.28433076,0.6020206,-0.64750105,1,28932000000,1.20E+11,41974000000,3.41E+11,1048000000,1098000000,64000000,38000000,45827496,1.20E+11,57354273000,37771,2199060,8742000000,0.95522124,corona
quartz,0.41531262,0.8079886,1.2476676,0.93389076,0.8706516,0.8238732,1.2180394,-0.15215927,-0.67092264,1.0573508,-0.80555224,-1.2442333,-0.28433076,0.6020206,-0.64750105,1,28912000000,1.20E+11,41966000000,3.41E+11,1046000000,1100000000,88000000,50000000,45820564,1.20E+11,57318960000,37771,2199060,8646000000,0.9264978,corona
quartz,0.41531262,0.8079886,1.2476676,0.93389076,0.8706516,0.8238732,1.2180394,-0.15215927,-0.67092264,1.0573508,-0.80555224,-1.2442333,-0.28433076,0.6020206,-0.64750105,1,33672000000,1.39E+11,48864000000,3.97E+11,1202000000,1278000000,66000000,42000000,52841104,1.40E+11,66583515000,37771,2203455,10208000000,0.84809357,corona
quartz,0.41531262,0.8079886,1.2476676,0.93389076,0.8706516,0.8238732,1.2180394,-0.15215927,-0.67092264,1.0573508,-0.80555224,-1.2442333,-0.28433076,0.6020206,-0.64750105,1,33638000000,1.39E+11,48848000000,3.96E+11,1228000000,1276000000,66000000,40000000,52842270,1.40E+11,66520383000,37771,2203455,10120000000,0.84809357,corona
quartz,0.41531262,0.8079886,1.2476676,0.93389076,0.8706516,0.8238732,1.2180394,-0.15215927,-0.67092264,1.0573508,-0.80555224,-1.2442333,-0.28433076,0.6020206,-0.64750105,1,37626000000,1.56E+11,54636000000,4.43E+11,1354000000,1430000000,78000000,50000000,57829760,1.56E+11,74223075000,37771,2207296,11358000000,0.9659075,corona
quartz,0.41531262,0.8079886,1.2476676,0.93389076,0.8706516,0.8238732,1.2180394,-0.15215927,-0.67092264,1.0573508,-0.80555224,-1.2442333,-0.28433076,0.6020206,-0.64750105,1,37640000000,1.56E+11,54640000000,4.43E+11,1342000000,1432000000,76000000,44000000,57828704,1.56E+11,74232726000,37771,2207296,11480000000,0.9659075,corona
quartz,0.41531262,0.8079886,1.2476676,0.93389076,0.8706516,0.8238732,1.2180394,-0.15215927,-0.67092264,1.0573508,-0.80555224,-1.2442333,-0.28433076,0.6020206,-0.64750105,1,40972000000,1.70E+11,59530000000,4.83E+11,1510000000,1566000000,76000000,46000000,61894904,1.70E+11,80802720000,37771,2210591,12370000000,0.9262932,corona
quartz,0.41531262,0.8079886,1.2476676,0.93389076,0.8706516,0.8238732,1.2180394,-0.15215927,-0.67092264,1.0573508,-0.80555224,-1.2442333,-0.28433076,0.6020206,-0.64750105,1,40924000000,1.70E+11,59510000000,4.83E+11,1508000000,1562000000,112000000,66000000,61886440,1.70E+11,80808346000,37771,2210591,12452000000,0.916625,corona
quartz,0.41531262,0.8079886,1.2476676,0.93389076,0.8706516,0.8238732,1.2180394,-0.15215927,-0.67092264,1.0573508,-0.80555224,-1.2442333,-0.28433076,0.6020206,-0.64750105,1,3.23E+11,1.59E+12,5.58E+11,4.43E+12,23698000000,15880000000,2086000000,2114000000,605937200,1.66E+12,7.69E+11,37771,2215571,1.29E+11,0.112656265,corona
quartz,0.41531262,0.8079886,1.2476676,0.93389076,0.8706516,0.8238732,1.2180394,-0.15215927,-0.67092264,1.0573508,-0.80555224,-1.2442333,-0.28433076,0.6020206,-0.64750105,1,3.23E+11,1.59E+12,5.58E+11,4.43E+12,23714000000,15854000000,2036000000,2060000000,605288900,1.66E+12,7.69E+11,37771,2215571,1.29E+11,0.113350414,corona
quartz,0.41531262,0.8079886,1.2476676,0.93389076,0.8706516,0.8238732,1.2180394,-0.15215927,-0.67092264,1.0573508,-0.80555224,-1.2442333,-0.28433076,0.6020206,-0.64750105,1,4.31E+11,2.12E+12,7.46E+11,5.92E+12,31732000000,21260000000,3176000000,2858000000,779943400,2.21E+12,1.02E+12,37771,2230207,1.73E+11,0.093345016,corona
quartz,0.41531262,0.8079886,1.2476676,0.93389076,0.8706516,0.8238732,1.2180394,-0.15215927,-0.67092264,1.0573508,-0.80555224,-1.2442333,-0.28433076,0.6020206,-0.64750105,1,4.31E+11,2.12E+12,7.46E+11,5.92E+12,31810000000,21198000000,2672000000,2824000000,780217800,2.21E+12,1.02E+12,37771,2230207,1.71E+11,0.07892135,corona
quartz,0.41531262,0.8079886,1.2476676,0.93389076,0.8706516,0.8238732,1.2180394,-0.15215927,-0.67092264,1.0573508,-0.80555224,-1.2442333,-0.28433076,0.6020206,-0.64750105,1,5.37E+11,2.65E+12,9.29E+11,7.37E+12,39752000000,26498000000,3776000000,3900000000,909924800,2.75E+12,1.27E+12,37771,2244601,2.11E+11,0.06343801,corona
quartz,0.41531262,0.8079886,1.2476676,0.93389076,0.8706516,0.8238732,1.2180394,-0.15215927,-0.67092264,1.0573508,-0.80555224,-1.2442333,-0.28433076,0.6020206,-0.64750105,1,5.36E+11,2.65E+12,9.29E+11,7.37E+12,39754000000,26522000000,3680000000,3552000000,909344300,2.75E+12,1.27E+12,37771,2244600,2.16E+11,0.06494431,corona
quartz,0.41531262,0.8079886,1.2476676,0.93389076,0.8706516,0.8238732,1.2180394,-0.15215927,-0.67092264,1.0573508,-0.80555224,-1.2442333,-0.28433076,0.6020206,-0.64750105,1,5.80E+11,2.86E+12,1.00E+12,7.97E+12,42988000000,28638000000,3726000000,4100000000,954590100,2.98E+12,1.37E+12,37771,2250458,2.34E+11,0.060022987,corona
quartz,0.41531262,0.8079886,1.2476676,0.93389076,0.8706516,0.8238732,1.2180394,-0.15215927,-0.67092264,1.0573508,-0.80555224,-1.2442333,-0.28433076,0.6020206,-0.64750105,1,5.81E+11,2.86E+12,1.00E+12,7.97E+12,42956000000,28624000000,3974000000,4052000000,954453000,2.98E+12,1.37E+12,37771,2250458,2.35E+11,0.060011446,corona
quartz,0.41531262,0.8079886,1.2476676,0.93389076,0.8706516,0.8238732,1.2180394,-0.15215927,-0.67092264,1.0573508,-0.80555224,-1.2442333,-0.28433076,0.6020206,-0.64750105,1,6.36E+11,3.14E+12,1.10E+12,8.73E+12,47078000000,31442000000,4348000000,4064000000,1000674100,3.26E+12,1.50E+12,37771,2258111,2.56E+11,0.056197118,corona
quartz,0.41531262,0.8079886,1.2476676,0.93389076,0.8706516,0.8238732,1.2180394,-0.15215927,-0.67092264,1.0573508,-0.80555224,-1.2442333,-0.28433076,0.6020206,-0.64750105,1,6.36E+11,3.14E+12,1.10E+12,8.73E+12,46828000000,31420000000,4116000000,4368000000,1000579700,3.26E+12,1.50E+12,37771,2258112,2.56E+11,0.05609961,corona
quartz,0.41531262,0.8079886,1.2476676,0.93389076,0.8706516,0.8238732,1.2180394,-0.15215927,-0.67092264,1.0573508,-0.80555224,-1.2442333,-0.28433076,0.6020206,-0.64750105,1,7.41E+11,3.66E+12,1.28E+12,1.02E+13,54730000000,36628000000,4946000000,4740000000,1107051900,3.80E+12,1.75E+12,37771,2273181,3.00E+11,0.048706807,corona
quartz,0.41531262,0.8079886,1.2476676,0.93389076,0.8706516,0.8238732,1.2180394,-0.15215927,-0.67092264,1.0573508,-0.80555224,-1.2442333,-0.28433076,0.6020206,-0.64750105,1,7.41E+11,3.66E+12,1.28E+12,1.02E+13,54558000000,36592000000,5136000000,4920000000,1106701300,3.80E+12,1.75E+12,37771,2273181,2.99E+11,0.048465874,corona
quartz,0.41531262,0.8079886,1.2476676,0.93389076,0.8706516,0.8238732,1.2180394,-0.15215927,-0.67092264,1.0573508,-0.80555224,-1.2442333,-0.28433076,0.6020206,-0.64750105,1,1756000000,2510000000,734000000,8498000000,18000000,8000000,0,0,1118229,1118039300,809434750,37771,2188654,98000000,33.332,corona
quartz,0.41531262,0.8079886,1.2476676,0.93389076,0.8706516,0.8238732,1.2180394,-0.15215927,-0.67092264,1.0573508,-0.80555224,-1.2442333,-0.28433076,0.6020206,-0.64750105,1,1754000000,2512000000,736000000,8502000000,24000000,8000000,0,0,1117884,1116848300,806487700,37771,2188656,100000000,33.332,corona
quartz,0.41531262,0.8079886,1.2476676,0.93389076,0.8706516,0.8238732,1.2180394,-0.15215927,-0.67092264,1.0573508,-0.80555224,-1.2442333,-0.28433076,0.6020206,-0.64750105,1,2042000000,2918000000,856000000,9888000000,30000000,10000000,0,0,1298632,1299900000,939595840,37771,2191342,122000000,25.525526,corona
quartz,0.41531262,0.8079886,1.2476676,0.93389076,0.8706516,0.8238732,1.2180394,-0.15215927,-0.67092264,1.0573508,-0.80555224,-1.2442333,-0.28433076,0.6020206,-0.64750105,1,2042000000,2920000000,856000000,9890000000,22000000,10000000,0,0,1299480,1300076300,938308740,37771,2191342,120000000,25.274775,corona
quartz,0.41531262,0.8079886,1.2476676,0.93389076,0.8706516,0.8238732,1.2180394,-0.15215927,-0.67092264,1.0573508,-0.80555224,-1.2442333,-0.28433076,0.6020206,-0.64750105,1,2200000000,3148000000,922000000,10662000000,30000000,10000000,0,0,1400032,1401966700,1012713200,37771,2192865,122000000,26.525526,corona
quartz,0.41531262,0.8079886,1.2476676,0.93389076,0.8706516,0.8238732,1.2180394,-0.15215927,-0.67092264,1.0573508,-0.80555224,-1.2442333,-0.28433076,0.6020206,-0.64750105,1,2202000000,3150000000,922000000,10660000000,34000000,12000000,2000000,0,1400057,1400545200,1015182300,37771,2192864,130000000,26.276276,corona
quartz,0.41531262,0.8079886,1.2476676,0.93389076,0.8706516,0.8238732,1.2180394,-0.15215927,-0.67092264,1.0573508,-0.80555224,-1.2442333,-0.28433076,0.6020206,-0.64750105,1,2380000000,3412000000,996000000,11550000000,30000000,12000000,2000000,0,1517696,1516191900,1097863700,37771,2194669,132000000,36.666,corona
quartz,0.41531262,0.8079886,1.2476676,0.93389076,0.8706516,0.8238732,1.2180394,-0.15215927,-0.67092264,1.0573508,-0.80555224,-1.2442333,-0.28433076,0.6020206,-0.64750105,1,2384000000,3412000000,998000000,11546000000,38000000,12000000,0,0,1518686,1517516300,1098457600,37771,2194669,136000000,37,corona
quartz,0.41531262,0.8079886,1.2476676,0.93389076,0.8706516,0.8238732,1.2180394,-0.15215927,-0.67092264,1.0573508,-0.80555224,-1.2442333,-0.28433076,0.6020206,-0.64750105,1,2672000000,3822000000,1120000000,12942000000,26000000,14000000,0,0,1700048,1698003600,1230008000,37771,2197352,158000000,29.528528,corona
quartz,0.41531262,0.8079886,1.2476676,0.93389076,0.8706516,0.8238732,1.2180394,-0.15215927,-0.67092264,1.0573508,-0.80555224,-1.2442333,-0.28433076,0.6020206,-0.64750105,1,2672000000,3822000000,1118000000,12944000000,38000000,12000000,0,0,1699667,1700449800,1229324500,37771,2197352,160000000,29.27928,corona
quartz,0.41531262,0.8079886,1.2476676,0.93389076,0.8706516,0.8238732,1.2180394,-0.15215927,-0.67092264,1.0573508,-0.80555224,-1.2442333,-0.28433076,0.6020206,-0.64750105,1,2916000000,4172000000,1220000000,14128000000,40000000,14000000,2000000,0,1857673,1855232300,1339019900,37771,2199671,172000000,24.809124,corona
quartz,0.41531262,0.8079886,1.2476676,0.93389076,0.8706516,0.8238732,1.2180394,-0.15215927,-0.67092264,1.0573508,-0.80555224,-1.2442333,-0.28433076,0.6020206,-0.64750105,1,2918000000,4172000000,1222000000,14126000000,46000000,16000000,2000000,0,1855347,1854279700,1339390300,37771,2199672,170000000,31.03003,corona
quartz,0.41531262,0.8079886,1.2476676,0.93389076,0.8706516,0.8238732,1.2180394,-0.15215927,-0.67092264,1.0573508,-0.80555224,-1.2442333,-0.28433076,0.6020206,-0.64750105,1,8380000000,20164000000,6518000000,61854000000,200000000,168000000,8000000,6000000,3312123,11848127000,8459776000,37771,2210870,966000000,11,corona
quartz,0.41531262,0.8079886,1.2476676,0.93389076,0.8706516,0.8238732,1.2180394,-0.15215927,-0.67092264,1.0573508,-0.80555224,-1.2442333,-0.28433076,0.6020206,-0.64750105,1,8380000000,20168000000,6520000000,61850000000,240000000,168000000,8000000,6000000,3312251,11849191000,8455499300,37771,2210870,980000000,10.9165,corona
quartz,0.41531262,0.8079886,1.2476676,0.93389076,0.8706516,0.8238732,1.2180394,-0.15215927,-0.67092264,1.0573508,-0.80555224,-1.2442333,-0.28433076,0.6020206,-0.64750105,1,9580000000,23056000000,7454000000,70716000000,200000000,192000000,8000000,6000000,3786790,13544381000,9661558000,37771,2216423,1118000000,10.541552,corona
quartz,0.41531262,0.8079886,1.2476676,0.93389076,0.8706516,0.8238732,1.2180394,-0.15215927,-0.67092264,1.0573508,-0.80555224,-1.2442333,-0.28433076,0.6020206,-0.64750105,1,9568000000,23052000000,7448000000,70710000000,236000000,190000000,10000000,6000000,3786498,13541618000,9667787000,37771,2216422,1120000000,10.541552,corona
quartz,0.41531262,0.8079886,1.2476676,0.93389076,0.8706516,0.8238732,1.2180394,-0.15215927,-0.67092264,1.0573508,-0.80555224,-1.2442333,-0.28433076,0.6020206,-0.64750105,1,10228000000,24622000000,7958000000,75506000000,232000000,204000000,10000000,8000000,4041972,14466353000,10328948000,37771,2219491,1186000000,10.072867,corona
quartz,0.41531262,0.8079886,1.2476676,0.93389076,0.8706516,0.8238732,1.2180394,-0.15215927,-0.67092264,1.0573508,-0.80555224,-1.2442333,-0.28433076,0.6020206,-0.64750105,1,10228000000,24614000000,7956000000,75516000000,234000000,204000000,10000000,8000000,4041983,14465784000,10330134000,37771,2219491,1170000000,9.2664,corona
quartz,0.41531262,0.8079886,1.2476676,0.93389076,0.8706516,0.8238732,1.2180394,-0.15215927,-0.67092264,1.0573508,-0.80555224,-1.2442333,-0.28433076,0.6020206,-0.64750105,1,11170000000,26890000000,8692000000,82486000000,272000000,224000000,12000000,6000000,4415216,15793696000,11283377000,37771,2223938,1330000000,10.287184,corona
quartz,0.41531262,0.8079886,1.2476676,0.93389076,0.8706516,0.8238732,1.2180394,-0.15215927,-0.67092264,1.0573508,-0.80555224,-1.2442333,-0.28433076,0.6020206,-0.64750105,1,11172000000,26888000000,8692000000,82484000000,220000000,224000000,10000000,6000000,4414645,15801578000,11284240000,37771,2223938,1308000000,8.93961,corona
quartz,0.41531262,0.8079886,1.2476676,0.93389076,0.8706516,0.8238732,1.2180394,-0.15215927,-0.67092264,1.0573508,-0.80555224,-1.2442333,-0.28433076,0.6020206,-0.64750105,1,12566000000,30246000000,9778000000,92782000000,310000000,252000000,12000000,8000000,4965776,17768577000,12697721000,37771,2230463,1446000000,9.189797,corona
quartz,0.41531262,0.8079886,1.2476676,0.93389076,0.8706516,0.8238732,1.2180394,-0.15215927,-0.67092264,1.0573508,-0.80555224,-1.2442333,-0.28433076,0.6020206,-0.64750105,1,12568000000,30246000000,9778000000,92780000000,336000000,250000000,12000000,8000000,4966253,17772513000,12693415000,37771,2230463,1480000000,8.648076,corona
quartz,0.41531262,0.8079886,1.2476676,0.93389076,0.8706516,0.8238732,1.2180394,-0.15215927,-0.67092264,1.0573508,-0.80555224,-1.2442333,-0.28433076,0.6020206,-0.64750105,1,13582000000,32702000000,10572000000,1.00E+11,270000000,272000000,14000000,10000000,5366379,19209515000,13718615000,37771,2235223,1600000000,9.001059,corona
quartz,0.41531262,0.8079886,1.2476676,0.93389076,0.8706516,0.8238732,1.2180394,-0.15215927,-0.67092264,1.0573508,-0.80555224,-1.2442333,-0.28433076,0.6020206,-0.64750105,1,13582000000,32694000000,10568000000,1.00E+11,330000000,268000000,14000000,10000000,5366214,19213326000,13715676000,37771,2235222,1588000000,8.942111,corona
quartz,0.41531262,0.8079886,1.2476676,0.93389076,0.8706516,0.8238732,1.2180394,-0.15215927,-0.67092264,1.0573508,-0.80555224,-1.2442333,-0.28433076,0.6020206,-0.64750105,1,16596000000,67398000000,24292000000,1.98E+11,554000000,606000000,34000000,22000000,15302116,68484370000,37906470000,37771,2188660,5098000000,3.8293576,corona
quartz,0.41531262,0.8079886,1.2476676,0.93389076,0.8706516,0.8238732,1.2180394,-0.15215927,-0.67092264,1.0573508,-0.80555224,-1.2442333,-0.28433076,0.6020206,-0.64750105,1,16594000000,67392000000,24292000000,1.98E+11,574000000,604000000,38000000,22000000,15301633,68483150000,37893010000,37771,2188660,5152000000,3.8537977,corona
quartz,0.41531262,0.8079886,1.2476676,0.93389076,0.8706516,0.8238732,1.2180394,-0.15215927,-0.67092264,1.0573508,-0.80555224,-1.2442333,-0.28433076,0.6020206,-0.64750105,1,19312000000,78470000000,28272000000,2.30E+11,660000000,704000000,38000000,24000000,17830456,79734776000,44082995000,37771,2191346,5984000000,3.666625,corona
quartz,0.41531262,0.8079886,1.2476676,0.93389076,0.8706516,0.8238732,1.2180394,-0.15215927,-0.67092264,1.0573508,-0.80555224,-1.2442333,-0.28433076,0.6020206,-0.64750105,1,19318000000,78474000000,28276000000,2.30E+11,638000000,704000000,38000000,22000000,17830366,79736080000,44079178000,37771,2191345,6088000000,3.5920892,corona
quartz,0.41531262,0.8079886,1.2476676,0.93389076,0.8706516,0.8238732,1.2180394,-0.15215927,-0.67092264,1.0573508,-0.80555224,-1.2442333,-0.28433076,0.6020206,-0.64750105,1,20846000000,84638000000,30500000000,2.48E+11,718000000,760000000,44000000,26000000,19215046,85985980000,47484730000,37771,2192868,6482000000,0.80775446,corona
quartz,0.41531262,0.8079886,1.2476676,0.93389076,0.8706516,0.8238732,1.2180394,-0.15215927,-0.67092264,1.0573508,-0.80555224,-1.2442333,-0.28433076,0.6020206,-0.64750105,1,20840000000,84634000000,30492000000,2.48E+11,696000000,760000000,48000000,28000000,19215052,85986990000,47490840000,37771,2192869,6544000000,0.78848374,corona
quartz,0.41531262,0.8079886,1.2476676,0.93389076,0.8706516,0.8238732,1.2180394,-0.15215927,-0.67092264,1.0573508,-0.80555224,-1.2442333,-0.28433076,0.6020206,-0.64750105,1,22568000000,91706000000,33040000000,2.69E+11,784000000,826000000,56000000,30000000,20841196,93175950000,51444974000,37771,2194674,6918000000,0.8947368,corona
quartz,0.41531262,0.8079886,1.2476676,0.93389076,0.8706516,0.8238732,1.2180394,-0.15215927,-0.67092264,1.0573508,-0.80555224,-1.2442333,-0.28433076,0.6020206,-0.64750105,1,22590000000,91720000000,33050000000,2.69E+11,752000000,824000000,46000000,26000000,20847380,93176580000,51446070000,37771,2194674,6982000000,0.9107468,corona
quartz,0.41531262,0.8079886,1.2476676,0.93389076,0.8706516,0.8238732,1.2180394,-0.15215927,-0.67092264,1.0573508,-0.80555224,-1.2442333,-0.28433076,0.6020206,-0.64750105,1,25314000000,1.03E+11,37036000000,3.01E+11,878000000,924000000,54000000,34000000,23357824,1.04E+11,57616458000,37771,2197356,7964000000,0.9840952,corona
quartz,0.41531262,0.8079886,1.2476676,0.93389076,0.8706516,0.8238732,1.2180394,-0.15215927,-0.67092264,1.0573508,-0.80555224,-1.2442333,-0.28433076,0.6020206,-0.64750105,1,25324000000,1.03E+11,37040000000,3.01E+11,840000000,924000000,48000000,30000000,23356744,1.04E+11,57611952000,37771,2197356,7890000000,0.9840952,corona
quartz,0.41531262,0.8079886,1.2476676,0.93389076,0.8706516,0.8238732,1.2180394,-0.15215927,-0.67092264,1.0573508,-0.80555224,-1.2442333,-0.28433076,0.6020206,-0.64750105,1,27638000000,1.12E+11,40434000000,3.29E+11,926000000,1008000000,56000000,34000000,25498932,1.14E+11,62877930000,37771,2199676,8576000000,1.0434783,corona
quartz,0.41531262,0.8079886,1.2476676,0.93389076,0.8706516,0.8238732,1.2180394,-0.15215927,-0.67092264,1.0573508,-0.80555224,-1.2442333,-0.28433076,0.6020206,-0.64750105,1,27632000000,1.12E+11,40434000000,3.29E+11,926000000,1006000000,64000000,34000000,25499510,1.14E+11,62892310000,37771,2199675,8454000000,1.0588547,corona
quartz,0.41531262,0.8079886,1.2476676,0.93389076,0.8706516,0.8238732,1.2180394,-0.15215927,-0.67092264,1.0573508,-0.80555224,-1.2442333,-0.28433076,0.6020206,-0.64750105,1,2.86E+11,1.36E+12,4.89E+11,3.91E+12,20022000000,13924000000,1824000000,1800000000,249981660,1.43E+12,7.50E+11,37771,2210881,1.12E+11,0.10050382,corona
quartz,0.41531262,0.8079886,1.2476676,0.93389076,0.8706516,0.8238732,1.2180394,-0.15215927,-0.67092264,1.0573508,-0.80555224,-1.2442333,-0.28433076,0.6020206,-0.64750105,1,2.86E+11,1.36E+12,4.89E+11,3.91E+12,19866000000,13894000000,1700000000,1720000000,249901200,1.43E+12,7.50E+11,37771,2210881,1.11E+11,0.10113553,corona
quartz,0.41531262,0.8079886,1.2476676,0.93389076,0.8706516,0.8238732,1.2180394,-0.15215927,-0.67092264,1.0573508,-0.80555224,-1.2442333,-0.28433076,0.6020206,-0.64750105,1,,,,,22928000000,15918000000,2164000000,1942000000,,,,37771,2216434,1.27E+11,0.10436676,corona
quartz,0.41531262,0.8079886,1.2476676,0.93389076,0.8706516,0.8238732,1.2180394,-0.15215927,-0.67092264,1.0573508,-0.80555224,-1.2442333,-0.28433076,0.6020206,-0.64750105,1,,,,,22854000000,15880000000,2046000000,1938000000,286900770,1.63E+12,8.58E+11,37771,2216432,1.26E+11,0.104067236,corona
quartz,0.41531262,0.8079886,1.2476676,0.93389076,0.8706516,0.8238732,1.2180394,-0.15215927,-0.67092264,1.0573508,-0.80555224,-1.2442333,-0.28433076,0.6020206,-0.64750105,1,270000000,370000000,106000000,1272000000,2000000,0,0,0,175215,161233230,116009900,37771,2173738,12000000,65.56457,corona
quartz,0.41531262,0.8079886,1.2476676,0.93389076,0.8706516,0.8238732,1.2180394,-0.15215927,-0.67092264,1.0573508,-0.80555224,-1.2442333,-0.28433076,0.6020206,-0.64750105,1,270000000,368000000,106000000,1272000000,4000000,0,0,0,174251,160404200,116615490,37771,2173739,14000000,130.51807,corona
quartz,0.41531262,0.8079886,1.2476676,0.93389076,0.8706516,0.8238732,1.2180394,-0.15215927,-0.67092264,1.0573508,-0.80555224,-1.2442333,-0.28433076,0.6020206,-0.64750105,1,314000000,430000000,124000000,1482000000,4000000,0,0,0,203407,189095070,136410160,37771,2174048,14000000,65,corona
quartz,0.41531262,0.8079886,1.2476676,0.93389076,0.8706516,0.8238732,1.2180394,-0.15215927,-0.67092264,1.0573508,-0.80555224,-1.2442333,-0.28433076,0.6020206,-0.64750105,1,314000000,430000000,124000000,1482000000,4000000,0,0,0,204461,189000930,136132140,37771,2174046,14000000,87.08709,corona
quartz,0.41531262,0.8079886,1.2476676,0.93389076,0.8706516,0.8238732,1.2180394,-0.15215927,-0.67092264,1.0573508,-0.80555224,-1.2442333,-0.28433076,0.6020206,-0.64750105,1,360000000,492000000,142000000,1692000000,4000000,0,0,0,232186,215808720,155734800,37771,2174351,18000000,120.61862,corona
quartz,0.41531262,0.8079886,1.2476676,0.93389076,0.8706516,0.8238732,1.2180394,-0.15215927,-0.67092264,1.0573508,-0.80555224,-1.2442333,-0.28433076,0.6020206,-0.64750105,1,360000000,492000000,142000000,1692000000,4000000,0,0,0,231261,213268600,154300640,37771,2174351,16000000,72,corona
quartz,0.41531262,0.8079886,1.2476676,0.93389076,0.8706516,0.8238732,1.2180394,-0.15215927,-0.67092264,1.0573508,-0.80555224,-1.2442333,-0.28433076,0.6020206,-0.64750105,1,404000000,552000000,158000000,1902000000,6000000,0,0,0,261358,240836530,174050500,37771,2174657,20000000,116.615616,corona
quartz,0.41531262,0.8079886,1.2476676,0.93389076,0.8706516,0.8238732,1.2180394,-0.15215927,-0.67092264,1.0573508,-0.80555224,-1.2442333,-0.28433076,0.6020206,-0.64750105,1,404000000,552000000,158000000,1900000000,6000000,0,0,0,260847,240919200,174391170,37771,2174658,18000000,116.615616,corona
quartz,0.41531262,0.8079886,1.2476676,0.93389076,0.8706516,0.8238732,1.2180394,-0.15215927,-0.67092264,1.0573508,-0.80555224,-1.2442333,-0.28433076,0.6020206,-0.64750105,1,448000000,614000000,176000000,2112000000,4000000,2000000,0,0,291033,268238830,193661800,37771,2174959,22000000,127.627625,corona
quartz,0.41531262,0.8079886,1.2476676,0.93389076,0.8706516,0.8238732,1.2180394,-0.15215927,-0.67092264,1.0573508,-0.80555224,-1.2442333,-0.28433076,0.6020206,-0.64750105,1,446000000,614000000,176000000,2114000000,6000000,2000000,0,0,291211,268352320,193840160,37771,2174962,20000000,127.627625,corona
quartz,0.41531262,0.8079886,1.2476676,0.93389076,0.8706516,0.8238732,1.2180394,-0.15215927,-0.67092264,1.0573508,-0.80555224,-1.2442333,-0.28433076,0.6020206,-0.64750105,1,492000000,676000000,194000000,2322000000,6000000,2000000,0,0,318597,294705150,212096110,37771,2175330,24000000,98.666,corona
quartz,0.41531262,0.8079886,1.2476676,0.93389076,0.8706516,0.8238732,1.2180394,-0.15215927,-0.67092264,1.0573508,-0.80555224,-1.2442333,-0.28433076,0.6020206,-0.64750105,1,492000000,672000000,194000000,2320000000,6000000,2000000,0,0,317967,293128220,212070350,37771,2175330,24000000,74.07357,corona
quartz,0.41531262,0.8079886,1.2476676,0.93389076,0.8706516,0.8238732,1.2180394,-0.15215927,-0.67092264,1.0573508,-0.80555224,-1.2442333,-0.28433076,0.6020206,-0.64750105,1,1042000000,2424000000,776000000,7526000000,44000000,20000000,0,0,419863,1418846000,1017911230,37771,2175633,114000000,13.666,corona
quartz,0.41531262,0.8079886,1.2476676,0.93389076,0.8706516,0.8238732,1.2180394,-0.15215927,-0.67092264,1.0573508,-0.80555224,-1.2442333,-0.28433076,0.6020206,-0.64750105,1,1042000000,2424000000,776000000,7526000000,44000000,20000000,0,0,420220,1420711400,1017222400,37771,2175633,108000000,13.666,corona
quartz,0.41531262,0.8079886,1.2476676,0.93389076,0.8706516,0.8238732,1.2180394,-0.15215927,-0.67092264,1.0573508,-0.80555224,-1.2442333,-0.28433076,0.6020206,-0.64750105,1,1216000000,2828000000,906000000,8782000000,50000000,22000000,0,0,490468,1655664800,1184027900,37771,2176245,134000000,15.666,corona
quartz,0.41531262,0.8079886,1.2476676,0.93389076,0.8706516,0.8238732,1.2180394,-0.15215927,-0.67092264,1.0573508,-0.80555224,-1.2442333,-0.28433076,0.6020206,-0.64750105,1,1216000000,2826000000,906000000,8780000000,52000000,22000000,0,0,490091,1654315300,1186637200,37771,2176245,134000000,11.51051,corona
quartz,0.41531262,0.8079886,1.2476676,0.93389076,0.8706516,0.8238732,1.2180394,-0.15215927,-0.67092264,1.0573508,-0.80555224,-1.2442333,-0.28433076,0.6020206,-0.64750105,1,1386000000,3224000000,1034000000,10012000000,28000000,26000000,0,0,559471,1884760300,1353871700,37771,2176853,156000000,16,corona
quartz,0.41531262,0.8079886,1.2476676,0.93389076,0.8706516,0.8238732,1.2180394,-0.15215927,-0.67092264,1.0573508,-0.80555224,-1.2442333,-0.28433076,0.6020206,-0.64750105,1,1388000000,3226000000,1034000000,10014000000,36000000,26000000,0,0,559651,1886199600,1350636200,37771,2176853,150000000,12.261261,corona
quartz,0.41531262,0.8079886,1.2476676,0.93389076,0.8706516,0.8238732,1.2180394,-0.15215927,-0.67092264,1.0573508,-0.80555224,-1.2442333,-0.28433076,0.6020206,-0.64750105,1,1560000000,3628000000,1162000000,11266000000,34000000,30000000,0,0,629824,2123626500,1525678300,37771,2177525,176000000,18,corona
quartz,0.41531262,0.8079886,1.2476676,0.93389076,0.8706516,0.8238732,1.2180394,-0.15215927,-0.67092264,1.0573508,-0.80555224,-1.2442333,-0.28433076,0.6020206,-0.64750105,1,1560000000,3628000000,1162000000,11266000000,66000000,30000000,0,0,628809,2121870800,1522905300,37771,2177526,156000000,15.515015,corona
quartz,0.41531262,0.8079886,1.2476676,0.93389076,0.8706516,0.8238732,1.2180394,-0.15215927,-0.67092264,1.0573508,-0.80555224,-1.2442333,-0.28433076,0.6020206,-0.64750105,1,1734000000,4032000000,1292000000,12518000000,72000000,32000000,0,0,698558,2353535000,1689966200,37771,2178134,192000000,11.804321,corona
quartz,0.41531262,0.8079886,1.2476676,0.93389076,0.8706516,0.8238732,1.2180394,-0.15215927,-0.67092264,1.0573508,-0.80555224,-1.2442333,-0.28433076,0.6020206,-0.64750105,1,1732000000,4030000000,1290000000,12516000000,34000000,32000000,0,0,699465,2359745500,1689886600,37771,2178135,186000000,19.666,corona
quartz,0.41531262,0.8079886,1.2476676,0.93389076,0.8706516,0.8238732,1.2180394,-0.15215927,-0.67092264,1.0573508,-0.80555224,-1.2442333,-0.28433076,0.6020206,-0.64750105,1,1906000000,4434000000,1420000000,13768000000,36000000,36000000,0,0,769008,2594290000,1856228400,37771,2178808,214000000,16.015015,corona
quartz,0.41531262,0.8079886,1.2476676,0.93389076,0.8706516,0.8238732,1.2180394,-0.15215927,-0.67092264,1.0573508,-0.80555224,-1.2442333,-0.28433076,0.6020206,-0.64750105,1,1908000000,4434000000,1422000000,13772000000,72000000,36000000,0,0,769289,2592575000,1856787300,37771,2178808,212000000,15.765766,corona
quartz,0.41531262,0.8079886,1.2476676,0.93389076,0.8706516,0.8238732,1.2180394,-0.15215927,-0.67092264,1.0573508,-0.80555224,-1.2442333,-0.28433076,0.6020206,-0.64750105,1,9136000000,29980000000,9994000000,88842000000,328000000,358000000,18000000,16000000,1484337,19493038000,13974828000,37771,2184484,1602000000,2.1252813,corona
quartz,0.41531262,0.8079886,1.2476676,0.93389076,0.8706516,0.8238732,1.2180394,-0.15215927,-0.67092264,1.0573508,-0.80555224,-1.2442333,-0.28433076,0.6020206,-0.64750105,1,2272000000,9294000000,3240000000,26382000000,88000000,84000000,4000000,2000000,2306746,9268968000,4217693400,37771,2173742,646000000,3.7773333,corona
quartz,0.41531262,0.8079886,1.2476676,0.93389076,0.8706516,0.8238732,1.2180394,-0.15215927,-0.67092264,1.0573508,-0.80555224,-1.2442333,-0.28433076,0.6020206,-0.64750105,1,2270000000,9292000000,3238000000,26380000000,92000000,84000000,4000000,2000000,2306971,9270039000,4218867700,37771,2173742,642000000,5.574614,corona
quartz,0.41531262,0.8079886,1.2476676,0.93389076,0.8706516,0.8238732,1.2180394,-0.15215927,-0.67092264,1.0573508,-0.80555224,-1.2442333,-0.28433076,0.6020206,-0.64750105,1,2646000000,10828000000,3774000000,30734000000,92000000,98000000,4000000,2000000,2685867,10802153000,4915589600,37771,2174048,750000000,4.8762193,corona
quartz,0.41531262,0.8079886,1.2476676,0.93389076,0.8706516,0.8238732,1.2180394,-0.15215927,-0.67092264,1.0573508,-0.80555224,-1.2442333,-0.28433076,0.6020206,-0.64750105,1,2646000000,10828000000,3774000000,30734000000,136000000,98000000,4000000,2000000,2686101,10797169000,4915747300,37771,2174049,758000000,6.0034304,corona
quartz,0.41531262,0.8079886,1.2476676,0.93389076,0.8706516,0.8238732,1.2180394,-0.15215927,-0.67092264,1.0573508,-0.80555224,-1.2442333,-0.28433076,0.6020206,-0.64750105,1,3020000000,12362000000,4308000000,35092000000,164000000,112000000,6000000,2000000,3065892,12333546000,5613524500,37771,2174353,842000000,5.555333,corona
quartz,0.41531262,0.8079886,1.2476676,0.93389076,0.8706516,0.8238732,1.2180394,-0.15215927,-0.67092264,1.0573508,-0.80555224,-1.2442333,-0.28433076,0.6020206,-0.64750105,1,3018000000,12362000000,4308000000,35092000000,120000000,112000000,4000000,2000000,3064000,12331430000,5620710400,37771,2174353,866000000,5.6264067,corona
quartz,0.41531262,0.8079886,1.2476676,0.93389076,0.8706516,0.8238732,1.2180394,-0.15215927,-0.67092264,1.0573508,-0.80555224,-1.2442333,-0.28433076,0.6020206,-0.64750105,1,3394000000,13896000000,4842000000,39444000000,120000000,126000000,6000000,4000000,3442562,13863268000,6311310000,37771,2174660,970000000,5,corona
quartz,0.41531262,0.8079886,1.2476676,0.93389076,0.8706516,0.8238732,1.2180394,-0.15215927,-0.67092264,1.0573508,-0.80555224,-1.2442333,-0.28433076,0.6020206,-0.64750105,1,3394000000,13894000000,4842000000,39442000000,124000000,126000000,8000000,4000000,3443986,13861510000,6319452000,37771,2174660,970000000,5.555333,corona
quartz,0.41531262,0.8079886,1.2476676,0.93389076,0.8706516,0.8238732,1.2180394,-0.15215927,-0.67092264,1.0573508,-0.80555224,-1.2442333,-0.28433076,0.6020206,-0.64750105,1,3768000000,15428000000,5376000000,43792000000,134000000,142000000,6000000,4000000,3822783,15393082000,7008122400,37771,2174963,1074000000,5.0018005,corona
quartz,0.41531262,0.8079886,1.2476676,0.93389076,0.8706516,0.8238732,1.2180394,-0.15215927,-0.67092264,1.0573508,-0.80555224,-1.2442333,-0.28433076,0.6020206,-0.64750105,1,3768000000,15426000000,5374000000,43792000000,134000000,140000000,6000000,2000000,3821881,15393527000,7010856400,37771,2174962,1078000000,5.5018005,corona
quartz,0.41531262,0.8079886,1.2476676,0.93389076,0.8706516,0.8238732,1.2180394,-0.15215927,-0.67092264,1.0573508,-0.80555224,-1.2442333,-0.28433076,0.6020206,-0.64750105,1,3768000000,15428000000,5376000000,43790000000,138000000,142000000,6000000,2000000,3822773,15394488000,7008865300,37771,2174962,1066000000,5.4021606,corona
quartz,0.41531262,0.8079886,1.2476676,0.93389076,0.8706516,0.8238732,1.2180394,-0.15215927,-0.67092264,1.0573508,-0.80555224,-1.2442333,-0.28433076,0.6020206,-0.64750105,1,4142000000,16964000000,5912000000,48152000000,154000000,154000000,8000000,4000000,4202324,16925918000,7707252700,37771,2175329,1172000000,9.819967,corona
quartz,0.41531262,0.8079886,1.2476676,0.93389076,0.8706516,0.8238732,1.2180394,-0.15215927,-0.67092264,1.0573508,-0.80555224,-1.2442333,-0.28433076,0.6020206,-0.64750105,1,4146000000,16968000000,5914000000,48156000000,148000000,154000000,6000000,4000000,4200832,16924577000,7705228300,37771,2175330,1174000000,9.819967,corona
quartz,0.41531262,0.8079886,1.2476676,0.93389076,0.8706516,0.8238732,1.2180394,-0.15215927,-0.67092264,1.0573508,-0.80555224,-1.2442333,-0.28433076,0.6020206,-0.64750105,1,22318000000,1.09E+11,38038000000,3.03E+11,1740000000,1130000000,172000000,168000000,21051648,1.13E+11,49144488000,37771,2174359,8330000000,0.1333,corona
quartz,0.41531262,0.8079886,1.2476676,0.93389076,0.8706516,0.8238732,1.2180394,-0.15215927,-0.67092264,1.0573508,-0.80555224,-1.2442333,-0.28433076,0.6020206,-0.64750105,1,33326000000,1.63E+11,56852000000,4.53E+11,2572000000,1692000000,276000000,252000000,31282624,1.69E+11,73493060000,37770,2175638,12484000000,0.08986719,corona
quartz,0.41531262,0.8079886,1.2476676,0.93389076,0.8706516,0.8238732,1.2180394,-0.15215927,-0.67092264,1.0573508,-0.80555224,-1.2442333,-0.28433076,0.6020206,-0.64750105,1,33330000000,1.63E+11,56856000000,4.53E+11,2584000000,1692000000,228000000,230000000,31275432,1.69E+11,73481660000,37771,2175640,12440000000,0.102277376,corona
quartz,0.41531262,0.8079886,1.2476676,0.93389076,0.8706516,0.8238732,1.2180394,-0.15215927,-0.67092264,1.0573508,-0.80555224,-1.2442333,-0.28433076,0.6020206,-0.64750105,1,38854000000,1.91E+11,66278000000,5.28E+11,3032000000,1974000000,288000000,282000000,36370260,1.97E+11,85664104000,37771,2176252,14542000000,0.08738203,corona
quartz,0.41531262,0.8079886,1.2476676,0.93389076,0.8706516,0.8238732,1.2180394,-0.15215927,-0.67092264,1.0573508,-0.80555224,-1.2442333,-0.28433076,0.6020206,-0.64750105,1,38852000000,1.91E+11,66276000000,5.28E+11,2988000000,1972000000,270000000,268000000,36479664,1.97E+11,85706960000,37771,2176252,14542000000,0.09897225,corona
quartz,0.41531262,0.8079886,1.2476676,0.93389076,0.8706516,0.8238732,1.2180394,-0.15215927,-0.67092264,1.0573508,-0.80555224,-1.2442333,-0.28433076,0.6020206,-0.64750105,1,44266000000,2.17E+11,75498000000,6.01E+11,3424000000,2248000000,284000000,298000000,41450416,2.25E+11,97609050000,37771,2176861,16520000000,0.102564104,corona
quartz,0.41531262,0.8079886,1.2476676,0.93389076,0.8706516,0.8238732,1.2180394,-0.15215927,-0.67092264,1.0573508,-0.80555224,-1.2442333,-0.28433076,0.6020206,-0.64750105,1,44222000000,2.17E+11,75478000000,6.01E+11,3412000000,2250000000,328000000,284000000,41489384,2.25E+11,97600050000,37771,2176861,16574000000,0.09089556,corona
quartz,0.41531262,0.8079886,1.2476676,0.93389076,0.8706516,0.8238732,1.2180394,-0.15215927,-0.67092264,1.0573508,-0.80555224,-1.2442333,-0.28433076,0.6020206,-0.64750105,1,49638000000,2.44E+11,84830000000,6.76E+11,3856000000,2528000000,360000000,326000000,46737692,2.53E+11,1.10E+11,37771,2177534,18468000000,0.08592322,corona
quartz,0.41531262,0.8079886,1.2476676,0.93389076,0.8706516,0.8238732,1.2180394,-0.15215927,-0.67092264,1.0573508,-0.80555224,-1.2442333,-0.28433076,0.6020206,-0.64750105,1,49756000000,2.44E+11,84884000000,6.76E+11,3848000000,2530000000,332000000,330000000,46611864,2.53E+11,1.10E+11,37771,2177534,18574000000,0.08395548,corona
quartz,0.41531262,0.8079886,1.2476676,0.93389076,0.8706516,0.8238732,1.2180394,-0.15215927,-0.67092264,1.0573508,-0.80555224,-1.2442333,-0.28433076,0.6020206,-0.64750105,1,55258000000,2.71E+11,94288000000,7.51E+11,4258000000,2800000000,344000000,370000000,51952630,2.81E+11,1.22E+11,37771,2178142,20708000000,0.081083275,corona
quartz,0.41531262,0.8079886,1.2476676,0.93389076,0.8706516,0.8238732,1.2180394,-0.15215927,-0.67092264,1.0573508,-0.80555224,-1.2442333,-0.28433076,0.6020206,-0.64750105,1,55252000000,2.71E+11,94284000000,7.51E+11,4264000000,2806000000,366000000,360000000,51904790,2.81E+11,1.22E+11,37771,2178142,20706000000,0.08901492,corona
quartz,0.41531262,0.8079886,1.2476676,0.93389076,0.8706516,0.8238732,1.2180394,-0.15215927,-0.67092264,1.0573508,-0.80555224,-1.2442333,-0.28433076,0.6020206,-0.64750105,1,55268000000,2.71E+11,94290000000,7.51E+11,4316000000,2806000000,368000000,356000000,51848336,2.81E+11,1.22E+11,37771,2178142,20660000000,0.08781318,corona
quartz,0.41531262,0.8079886,1.2476676,0.93389076,0.8706516,0.8238732,1.2180394,-0.15215927,-0.67092264,1.0573508,-0.80555224,-1.2442333,-0.28433076,0.6020206,-0.64750105,1,55288000000,2.71E+11,94300000000,7.51E+11,4296000000,2806000000,376000000,358000000,51752400,2.81E+11,1.22E+11,37771,2178142,20728000000,0.060812455,corona
quartz,0.41531262,0.8079886,1.2476676,0.93389076,0.8706516,0.8238732,1.2180394,-0.15215927,-0.67092264,1.0573508,-0.80555224,-1.2442333,-0.28433076,0.6020206,-0.64750105,1,60728000000,2.98E+11,1.04E+11,8.26E+11,4724000000,3086000000,408000000,448000000,57230460,3.09E+11,1.34E+11,37771,2178816,22796000000,0.055216078,corona
quartz,0.41531262,0.8079886,1.2476676,0.93389076,0.8706516,0.8238732,1.2180394,-0.15215927,-0.67092264,1.0573508,-0.80555224,-1.2442333,-0.28433076,0.6020206,-0.64750105,1,60786000000,2.98E+11,1.04E+11,8.26E+11,4736000000,3090000000,412000000,414000000,57060700,3.09E+11,1.34E+11,37771,2178816,22602000000,0.061703704,corona
