machine,app,args,duration,BR_INS,LD_INS,SR_INS,TOT_INS,L1_LDM,L1_STM,L2_LDM,L2_STM,FP_SINGLE,FP_DOUBLE,ARITH,IO Bytes Read,IO Bytes Written,MEM_WCY,REALTIME (sec),PM_MATH_FLOP_CMPL,L1-DCACHE-LOAD-MISSES,L1-ICACHE-LOAD-MISSES,Overhead
ruby,laghos,-p 1 -dim 2 -rs 2 -tf 3,0.15,8200000000.0,19396000000.0,6214000000.0,59934000000.0,148000000.0,116000000.0,0.0,0.0,3259321.0,11408071539.0,5963227690.0,105104.0,2240753.0,260000000.0,6.572249,,,,2.427751
ruby,laghos,-p 1 -dim 2 -rs 2 -tf 3,0.4833,22812642857.0,35977892857.0,12364785714.0,96942392857.0,69964285.71,25571428.57,9071428.571,6464285.714,23731.78571,209875204.1,6475068041.0,108899.7679,2109464.821,1367178571.0,8.884578107,,,,20.11342189
ruby,laghos,-p 1 -dim 2 -rs 2 -tf 3 -pa,0.1333,8196000000.0,19392000000.0,6210000000.0,59936000000.0,150000000.0,116000000.0,0.0,0.0,3260591.0,11411835794.0,5947028764.0,105104.0,2240753.0,256000000.0,6.617439,,,,1.380561
ruby,laghos,-p 1 -dim 2 -rs 2 -tf 3 -pa,0.5,23329571429.0,36779035714.0,12612321429.0,99063000000.0,69428571.43,25392857.14,9000000.0,6428571.429,24916.92857,209852623.7,6621737854.0,108901.75,2109464.857,1353678571.0,8.838080125,,,,21.16191988
ruby,laghos,-p 1 -dim 2 -rs 2 -tf 3.1,0.1333,8428000000.0,19944000000.0,6390000000.0,61630000000.0,162000000.0,120000000.0,0.0,0.0,3351209.0,11734268534.0,6122195039.0,105105.0,2241731.0,262000000.0,6.778034,,,,1.219966
ruby,laghos,-p 1 -dim 2 -rs 2 -tf 3.1 -pa,0.15,8426000000.0,19942000000.0,6388000000.0,61626000000.0,162000000.0,118000000.0,0.0,0.0,3351557.0,11729692183.0,6126649140.0,105104.0,2241732.0,260000000.0,6.781737,,,,2.218263
ruby,laghos,-p 1 -dim 2 -rs 2 -tf 3.2,0.15,8658000000.0,20480000000.0,6562000000.0,63274000000.0,168000000.0,124000000.0,0.0,0.0,3441472.0,12049886535.0,6287297521.0,105104.0,2242707.0,268000000.0,7.012319,,,,1.987681
ruby,laghos,-p 1 -dim 2 -rs 2 -tf 3.2 -pa,0.15,8658000000.0,20480000000.0,6562000000.0,63280000000.0,166000000.0,124000000.0,0.0,0.0,3440535.0,12050147262.0,6289120064.0,105104.0,2242708.0,262000000.0,6.932646,,,,2.067354
ruby,laghos,-p 1 -dim 2 -rs 2 -tf 3.3,0.15,8882000000.0,21016000000.0,6734000000.0,64930000000.0,170000000.0,126000000.0,0.0,0.0,3530032.0,12365049872.0,6474048625.0,105103.0,2243681.0,276000000.0,7.177676,,,,1.822324
ruby,laghos,-p 1 -dim 2 -rs 2 -tf 3.3 -pa,0.1666,8880000000.0,21014000000.0,6732000000.0,64938000000.0,172000000.0,126000000.0,0.0,0.0,3530788.0,12361102737.0,6454868939.0,105103.0,2243681.0,270000000.0,7.122713,,,,2.873287
ruby,laghos,-p 1 -dim 2 -rs 2 -tf 3.4,0.15,9112000000.0,21554000000.0,6906000000.0,66622000000.0,176000000.0,130000000.0,0.0,0.0,3622104.0,12683629752.0,6622783170.0,105105.0,2244598.0,284000000.0,7.362699,,,,1.637301
ruby,laghos,-p 1 -dim 2 -rs 2 -tf 3.4 -pa,0.15,9108000000.0,21562000000.0,6908000000.0,66626000000.0,176000000.0,130000000.0,0.0,0.0,3622725.0,12683111991.0,6644579302.0,105104.0,2244599.0,276000000.0,7.322474,,,,1.677526
ruby,laghos,-p 1 -dim 2 -rs 2 -tf 3.5,0.15,9344000000.0,22108000000.0,7084000000.0,68308000000.0,170000000.0,132000000.0,0.0,0.0,3713080.0,13007135350.0,6786328251.0,105104.0,2245574.0,292000000.0,7.51206,,,,1.48794
ruby,laghos,-p 1 -dim 2 -rs 2 -tf 3.5,0.5333,26450428571.0,41672107143.0,14322107143.0,112359000000.0,79678571.43,29321428.57,10464285.71,7678571.429,25953.125,239195776.9,7354674481.0,108901.75,2109550.946,1557392857.0,10.05307009,,,,21.94492991
ruby,laghos,-p 1 -dim 2 -rs 2 -tf 3.5 -pa,0.15,9334000000.0,22106000000.0,7082000000.0,68304000000.0,170000000.0,132000000.0,0.0,0.0,3713147.0,13007105914.0,6782195441.0,105104.0,2245574.0,290000000.0,7.522385,,,,1.477615
ruby,laghos,-p 1 -dim 2 -rs 2 -tf 3.5 -pa,0.5,26200392857.0,41308250000.0,14187142857.0,111302000000.0,79535714.29,29071428.57,10464285.71,7642857.143,23955.64286,239210358.7,7365586318.0,108901.75,2109550.946,1544714286.0,10.30538198,,,,19.69461802
ruby,laghos,-p 1 -dim 2 -rs 2 -tf 3.6,0.1666,9574000000.0,22658000000.0,7260000000.0,70012000000.0,184000000.0,136000000.0,0.0,0.0,3807153.0,13329279629.0,6997196760.0,105104.0,2246551.0,292000000.0,7.723262,,,,2.272738
ruby,laghos,-p 1 -dim 2 -rs 2 -tf 3.6 -pa,0.1666,9578000000.0,22656000000.0,7260000000.0,70014000000.0,184000000.0,136000000.0,0.0,0.0,3807273.0,13330119633.0,6962952454.0,105104.0,2246551.0,294000000.0,7.683317,,,,2.312683
ruby,laghos,-p 1 -dim 2 -rs 2 -tf 3.7,0.2166,9792000000.0,23176000000.0,7426000000.0,71610000000.0,192000000.0,140000000.0,0.0,0.0,3893505.0,13632517105.0,7118164667.0,105104.0,2247466.0,304000000.0,7.857596,,,,5.138404
ruby,laghos,-p 1 -dim 2 -rs 2 -tf 3.7 -pa,0.2,9794000000.0,23172000000.0,7424000000.0,71608000000.0,190000000.0,140000000.0,0.0,0.0,3894182.0,13631358759.0,7120541954.0,105104.0,2247465.0,304000000.0,7.981994,,,,4.018006
ruby,laghos,-p 1 -dim 2 -rs 2 -tf 3.8,0.1833,10010000000.0,23690000000.0,7590000000.0,73196000000.0,198000000.0,142000000.0,0.0,0.0,3979042.0,13933312759.0,7272204894.0,105104.0,2248319.0,310000000.0,8.518199,,,,2.479801
ruby,laghos,-p 1 -dim 2 -rs 2 -tf 3.8 -pa,0.1666,10002000000.0,23680000000.0,7586000000.0,73182000000.0,192000000.0,142000000.0,0.0,0.0,3979983.0,13938357463.0,7276385179.0,105104.0,2248319.0,310000000.0,8.037107,,,,1.958893
ruby,laghos,-p 1 -dim 2 -rs 2 -tf 3.9,0.1666,10220000000.0,24194000000.0,7752000000.0,74762000000.0,198000000.0,146000000.0,0.0,0.0,4065311.0,14234824562.0,7468478009.0,105104.0,2249235.0,316000000.0,8.387908,,,,1.608092
ruby,laghos,-p 1 -dim 2 -rs 2 -tf 3.9 -pa,0.1833,10224000000.0,24196000000.0,7752000000.0,74762000000.0,196000000.0,146000000.0,0.0,0.0,4065410.0,14234087701.0,7431734701.0,105104.0,2249235.0,316000000.0,8.223251,,,,2.774749
ruby,laghos,-p 1 -dim 2 -rs 2 -tf 4,0.1666,10430000000.0,24678000000.0,7906000000.0,76240000000.0,190000000.0,148000000.0,0.0,0.0,4146026.0,14517560928.0,7571605811.0,105104.0,2250086.0,328000000.0,9.026961,,,,0.969039
ruby,laghos,-p 1 -dim 2 -rs 2 -tf 4,0.5833,29450571429.0,46408357143.0,15946250000.0,125108000000.0,88892857.14,32892857.14,12035714.29,8428571.429,23745.94643,267027192.6,8171914509.0,108957.75,2109632.536,1742500000.0,11.16193904,,,,23.83606096
ruby,laghos,-p 1 -dim 2 -rs 2 -tf 4 -pa,0.1666,10428000000.0,24672000000.0,7906000000.0,76248000000.0,190000000.0,148000000.0,0.0,0.0,4146039.0,14517576716.0,7574279006.0,105104.0,2250086.0,324000000.0,8.893197,,,,1.102803
ruby,laghos,-p 1 -dim 2 -rs 2 -tf 4 -pa,0.5666,29468464286.0,46450000000.0,15946535714.0,125159000000.0,88821428.57,32535714.29,12035714.29,8500000.0,24775.21429,267008905.6,8095689005.0,108901.75,2109631.536,1753035714.0,11.31829946,,,,22.67770054
ruby,laghos,-p 1 -dim 2 -rs 2 -tf 4.1,0.1833,10718000000.0,25362000000.0,8126000000.0,78364000000.0,208000000.0,152000000.0,0.0,0.0,4261272.0,14918300105.0,7787852129.0,105105.0,2251323.0,328000000.0,8.616882,,,,2.381118
ruby,laghos,-p 1 -dim 2 -rs 2 -tf 4.1 -pa,0.1833,10718000000.0,25358000000.0,8126000000.0,78364000000.0,206000000.0,154000000.0,0.0,0.0,4260132.0,14917428628.0,7791971653.0,105104.0,2251323.0,332000000.0,8.596846,,,,2.401154
ruby,laghos,-p 1 -dim 2 -rs 2 -tf 4.2,0.1833,11090000000.0,26242000000.0,8408000000.0,81096000000.0,212000000.0,158000000.0,0.0,0.0,4409386.0,15438197870.0,8058897913.0,105104.0,2252848.0,342000000.0,8.893442,,,,2.104558
ruby,laghos,-p 1 -dim 2 -rs 2 -tf 4.2 -pa,0.1666,11094000000.0,26248000000.0,8410000000.0,81100000000.0,214000000.0,158000000.0,0.0,0.0,4409107.0,15438980381.0,8060143728.0,105104.0,2252849.0,344000000.0,8.918262,,,,1.077738
ruby,laghos,-p 1 -dim 2 -rs 2 -tf 4.3,0.1833,11462000000.0,27128000000.0,8690000000.0,83826000000.0,222000000.0,164000000.0,0.0,0.0,4558164.0,15958414128.0,8344189776.0,105104.0,2254374.0,354000000.0,9.247218,,,,1.750782
ruby,laghos,-p 1 -dim 2 -rs 2 -tf 4.3 -pa,0.1833,11468000000.0,27130000000.0,8692000000.0,83828000000.0,222000000.0,164000000.0,0.0,0.0,4558575.0,15960227884.0,8360458783.0,105105.0,2254373.0,354000000.0,9.193506,,,,1.804494
ruby,laghos,-p 1 -dim 2 -rs 2 -tf 4.4,0.2166,11836000000.0,28008000000.0,8972000000.0,86540000000.0,228000000.0,168000000.0,0.0,0.0,4706267.0,16473571596.0,8598963568.0,105103.0,2255896.0,364000000.0,9.558153,,,,3.437847
ruby,laghos,-p 1 -dim 2 -rs 2 -tf 4.4 -pa,0.2,11836000000.0,28008000000.0,8972000000.0,86548000000.0,228000000.0,168000000.0,0.0,0.0,4705668.0,16477859575.0,8600674369.0,105104.0,2255898.0,366000000.0,9.562811,,,,2.437189
ruby,laghos,-p 1 -dim 2 -rs 2 -tf 4.5,0.1833,12196000000.0,28858000000.0,9246000000.0,89178000000.0,224000000.0,172000000.0,0.0,0.0,4848539.0,16978740610.0,8851567165.0,105104.0,2257423.0,386000000.0,10.268244,,,,0.729756
ruby,laghos,-p 1 -dim 2 -rs 2 -tf 4.5,0.6166,34194357143.0,53917214286.0,18521607143.0,145286000000.0,104571428.6,38785714.29,14178571.43,10000000.0,23659.69643,312246532.4,10032247935.0,108901.75,2109762.571,1997107143.0,13.51549966,,,,23.48050034
ruby,laghos,-p 1 -dim 2 -rs 2 -tf 4.5 -pa,0.2,12200000000.0,28860000000.0,9246000000.0,89172000000.0,224000000.0,172000000.0,0.0,0.0,4848952.0,16976266120.0,8859637510.0,105104.0,2257423.0,386000000.0,10.328576,,,,1.671424
ruby,laghos,-p 1 -dim 2 -rs 2 -tf 4.5 -pa,0.65,34005928571.0,53618571429.0,18439000000.0,144536000000.0,104642857.1,38678571.43,14107142.86,10107142.86,25249.07143,312224332.9,9609897694.0,108845.75,2109761.571,2041857143.0,13.05000439,,,,25.94999561
ruby,laghos,-p 1 -dim 2 -rs 2 -tf 4.6,0.2,12508000000.0,29592000000.0,9482000000.0,91436000000.0,242000000.0,178000000.0,0.0,0.0,4970756.0,17407415234.0,9084055210.0,105104.0,2258704.0,380000000.0,10.073475,,,,1.926525
ruby,laghos,-p 1 -dim 2 -rs 2 -tf 4.6 -pa,0.2,12500000000.0,29588000000.0,9480000000.0,91438000000.0,240000000.0,178000000.0,0.0,0.0,4971860.0,17404468259.0,9085248843.0,105104.0,2258705.0,388000000.0,10.078251,,,,1.921749
ruby,laghos,-p 1 -dim 2 -rs 2 -tf 4.7,0.2,12768000000.0,30204000000.0,9678000000.0,93332000000.0,244000000.0,182000000.0,0.0,0.0,5072992.0,17766335112.0,9277978430.0,105104.0,2259804.0,398000000.0,10.638194,,,,1.361806
ruby,laghos,-p 1 -dim 2 -rs 2 -tf 4.7 -pa,0.2,12762000000.0,30204000000.0,9676000000.0,93324000000.0,246000000.0,182000000.0,0.0,0.0,5073890.0,17768327110.0,9283089966.0,105105.0,2259803.0,396000000.0,10.742926,,,,1.257074
ruby,laghos,-p 1 -dim 2 -rs 2 -tf 4.8,0.2,12974000000.0,30708000000.0,9842000000.0,94896000000.0,250000000.0,186000000.0,0.0,0.0,5158364.0,18066185776.0,9432301138.0,105104.0,2260719.0,402000000.0,11.463034,,,,0.536966
ruby,laghos,-p 1 -dim 2 -rs 2 -tf 4.8 -pa,0.2166,12974000000.0,30714000000.0,9842000000.0,94902000000.0,250000000.0,182000000.0,0.0,0.0,5157176.0,18069338810.0,9436618156.0,105103.0,2260715.0,404000000.0,10.423718,,,,2.572282
ruby,laghos,-p 1 -dim 2 -rs 2 -tf 4.9,0.2333,13186000000.0,31218000000.0,10004000000.0,96460000000.0,254000000.0,186000000.0,0.0,0.0,5242662.0,18367547115.0,9592878687.0,105104.0,2261633.0,414000000.0,10.97409,,,,3.02391
ruby,laghos,-p 1 -dim 2 -rs 2 -tf 4.9 -pa,0.2166,13188000000.0,31222000000.0,10004000000.0,96456000000.0,254000000.0,188000000.0,0.0,0.0,5242545.0,18367268150.0,9591879994.0,105104.0,2261634.0,410000000.0,11.308077,,,,1.687923
ruby,laghos,-p 1 -dim 2 -rs 2 -tf 5,0.2166,13410000000.0,31734000000.0,10168000000.0,98050000000.0,244000000.0,190000000.0,0.0,0.0,5328932.0,18665444081.0,9738774415.0,105104.0,2262546.0,418000000.0,10.939343,,,,2.056657
ruby,laghos,-p 1 -dim 2 -rs 2 -tf 5,0.6666,37203750000.0,58672107143.0,20165607143.0,158094000000.0,115357142.9,42392857.14,15535714.29,11285714.29,25920.51786,343334180.2,10466525804.0,108957.75,2109855.036,2197750000.0,14.34103895,,,,25.65496105
ruby,laghos,-p 1 -dim 2 -rs 2 -tf 5 -pa,0.2166,13408000000.0,31734000000.0,10168000000.0,98044000000.0,246000000.0,190000000.0,0.0,0.0,5329061.0,18670365360.0,9735260383.0,105104.0,2262546.0,422000000.0,11.467666,,,,1.528334
ruby,laghos,-p 1 -dim 2 -rs 2 -tf 5 -pa,0.7,37436678571.0,59003071429.0,20283071429.0,159040000000.0,115500000.0,42750000.0,15535714.29,11285714.29,26261.91071,343367348.1,10396733215.0,108901.75,2109854.036,2242321429.0,14.45501484,,,,27.54498516
ruby,laghos,-p 1 -dim 2 -rs 2 -tf 5.5,0.2166,14324000000.0,33896000000.0,10860000000.0,104742000000.0,262000000.0,204000000.0,0.0,0.0,5694009.0,19941754149.0,10463359718.0,105104.0,2266269.0,442000000.0,12.239876,,,,0.756124
ruby,laghos,-p 1 -dim 2 -rs 2 -tf 5.5,0.6833,39909000000.0,62919607143.0,21622714286.0,169555000000.0,123642857.1,46071428.57,16642857.14,12035714.29,23804.69643,366750122.9,11298050000.0,108902.7321,2109920.536,2360250000.0,15.36056771,,,,25.63743229
ruby,laghos,-p 1 -dim 2 -rs 2 -tf 5.5 -pa,0.2166,14324000000.0,33896000000.0,10860000000.0,104742000000.0,262000000.0,204000000.0,0.0,0.0,5693743.0,19941070234.0,10406889017.0,105104.0,2266270.0,444000000.0,12.368848,,,,0.627152
ruby,laghos,-p 1 -dim 2 -rs 2 -tf 5.5 -pa,0.7166,40181607143.0,63362678571.0,21758928571.0,170711000000.0,123178571.4,45285714.29,16678571.43,12071428.57,26268.08929,366749157.9,11114521994.0,108902.7321,2109920.536,2379607143.0,15.36930693,,,,27.62669307
ruby,laghos,-p 1 -dim 2 -rs 3 -tf 3,0.8833,43946000000.0,146054000000.0,48612000000.0,431178000000.0,1176000000.0,1078000000.0,14000000.0,28000000.0,7003484.0,95302695137.0,49618616516.0,105104.0,2275702.0,2166000000.0,48.127371,,,,4.870629
ruby,laghos,-p 1 -dim 2 -rs 3 -tf 3,0.9,51268107143.0,82039500000.0,28200321429.0,221741000000.0,201000000.0,84464285.71,29250000.0,24142857.14,24299.19643,1718978158.0,15599698824.0,108901.75,2110088.429,2183928571.0,20.71985546,,,,33.28014454
ruby,laghos,-p 1 -dim 2 -rs 3 -tf 3 -pa,0.8833,43936000000.0,146042000000.0,48608000000.0,431162000000.0,1180000000.0,1078000000.0,18000000.0,30000000.0,6998460.0,95306271654.0,49584732518.0,105104.0,2275702.0,2218000000.0,48.081901,,,,4.916099
ruby,laghos,-p 1 -dim 2 -rs 3 -tf 3 -pa,0.8666,51271071429.0,82012035714.0,28201107143.0,221720000000.0,201000000.0,84607142.86,29285714.29,24250000.0,24006.42857,1718961238.0,15594215440.0,108901.75,2110088.429,2178750000.0,20.70415902,,,,31.29184098
ruby,laghos,-p 1 -dim 2 -rs 3 -tf 3.1,0.9166,45200000000.0,150154000000.0,49982000000.0,443240000000.0,1340000000.0,1108000000.0,16000000.0,28000000.0,7190552.0,97874056462.0,50855595690.0,105104.0,2277718.0,2222000000.0,48.932831,,,,6.063169
ruby,laghos,-p 1 -dim 2 -rs 3 -tf 3.1 -pa,0.9166,45210000000.0,150156000000.0,49984000000.0,443242000000.0,1336000000.0,1106000000.0,18000000.0,28000000.0,7189135.0,97875363712.0,50981650755.0,105104.0,2277717.0,2228000000.0,49.102521,,,,5.893479
ruby,laghos,-p 1 -dim 2 -rs 3 -tf 3.2,0.9333,46358000000.0,153982000000.0,51258000000.0,454548000000.0,1372000000.0,1138000000.0,16000000.0,26000000.0,7370959.0,100369000000.0,52178312726.0,105105.0,2279486.0,2274000000.0,49.486368,,,,6.511632
ruby,laghos,-p 1 -dim 2 -rs 3 -tf 3.2 -pa,0.95,46352000000.0,153984000000.0,51254000000.0,454536000000.0,1370000000.0,1136000000.0,16000000.0,30000000.0,7371388.0,100368000000.0,52152244557.0,105105.0,2279486.0,2264000000.0,50.407621,,,,6.592379
ruby,laghos,-p 1 -dim 2 -rs 3 -tf 3.3,0.95,47414000000.0,157480000000.0,52422000000.0,464876000000.0,1400000000.0,1160000000.0,20000000.0,30000000.0,7537365.0,102648000000.0,53352542041.0,105105.0,2281194.0,2366000000.0,51.648955,,,,5.351045
ruby,laghos,-p 1 -dim 2 -rs 3 -tf 3.3 -pa,0.9666,47410000000.0,157474000000.0,52422000000.0,464870000000.0,1404000000.0,1162000000.0,20000000.0,30000000.0,7539113.0,102648000000.0,53365829465.0,105104.0,2281194.0,2342000000.0,51.702942,,,,6.293058
ruby,laghos,-p 1 -dim 2 -rs 3 -tf 3.4,0.9666,48378000000.0,160712000000.0,53496000000.0,474418000000.0,1432000000.0,1188000000.0,16000000.0,30000000.0,7693300.0,104757000000.0,54602278538.0,105104.0,2282720.0,2390000000.0,52.827784,,,,5.168216
ruby,laghos,-p 1 -dim 2 -rs 3 -tf 3.4 -pa,0.9666,48384000000.0,160718000000.0,53498000000.0,474420000000.0,1444000000.0,1188000000.0,18000000.0,30000000.0,7693202.0,104755000000.0,54528813191.0,105104.0,2282718.0,2390000000.0,52.170918,,,,5.825082
ruby,laghos,-p 1 -dim 2 -rs 3 -tf 3.5,0.9833,49326000000.0,163804000000.0,54530000000.0,483538000000.0,1322000000.0,1206000000.0,18000000.0,32000000.0,7846156.0,106871000000.0,55559561627.0,105104.0,2284062.0,2518000000.0,54.079351,,,,4.918649
ruby,laghos,-p 1 -dim 2 -rs 3 -tf 3.5,1.0,56910642857.0,91065750000.0,31338785714.0,246224000000.0,224642857.1,94428571.43,32821428.57,27357142.86,24385.10714,1927723150.0,17523080904.0,108902.7321,2110237.714,2466035714.0,23.23255114,,,,36.76744886
ruby,laghos,-p 1 -dim 2 -rs 3 -tf 3.5 -pa,0.9833,49320000000.0,163802000000.0,54528000000.0,483526000000.0,1316000000.0,1210000000.0,20000000.0,32000000.0,7845880.0,106871000000.0,55651301809.0,105104.0,2284062.0,2488000000.0,53.804595,,,,5.193405
ruby,laghos,-p 1 -dim 2 -rs 3 -tf 3.5 -pa,0.9666,57412000000.0,91843428571.0,31584500000.0,248297000000.0,225142857.1,94428571.43,32857142.86,27321428.57,24393.85714,1927803752.0,17611821988.0,108958.7321,2110238.714,2480357143.0,23.29955866,,,,34.69644134
ruby,laghos,-p 1 -dim 2 -rs 3 -tf 3.6,1.0166,50226000000.0,166884000000.0,55548000000.0,492648000000.0,1484000000.0,1234000000.0,16000000.0,28000000.0,7987262.0,108786000000.0,56612861431.0,105104.0,2285587.0,2488000000.0,54.119857,,,,6.876143
ruby,laghos,-p 1 -dim 2 -rs 3 -tf 3.6 -pa,1.0166,50224000000.0,166884000000.0,55548000000.0,492642000000.0,1484000000.0,1232000000.0,22000000.0,30000000.0,7988272.0,108785000000.0,56557997346.0,105105.0,2285586.0,2420000000.0,53.402774,,,,7.593226
ruby,laghos,-p 1 -dim 2 -rs 3 -tf 3.7,1.0166,51168000000.0,169982000000.0,56576000000.0,501792000000.0,1518000000.0,1258000000.0,20000000.0,30000000.0,8135450.0,110801000000.0,57706634900.0,105105.0,2287050.0,2540000000.0,55.19902,,,,5.79698
ruby,laghos,-p 1 -dim 2 -rs 3 -tf 3.7 -pa,1.0333,51178000000.0,169984000000.0,56584000000.0,501800000000.0,1520000000.0,1254000000.0,18000000.0,30000000.0,8134979.0,110802000000.0,57625340572.0,105103.0,2287048.0,2496000000.0,55.629309,,,,6.368691
ruby,laghos,-p 1 -dim 2 -rs 3 -tf 3.8,1.0333,52108000000.0,173050000000.0,57606000000.0,510826000000.0,1542000000.0,1276000000.0,18000000.0,30000000.0,8281426.0,112792000000.0,58704608009.0,105105.0,2288514.0,2518000000.0,55.632488,,,,6.365512
ruby,laghos,-p 1 -dim 2 -rs 3 -tf 3.8 -pa,1.0333,52096000000.0,173044000000.0,57604000000.0,510806000000.0,1538000000.0,1282000000.0,20000000.0,40000000.0,8280163.0,112791000000.0,58664317102.0,105104.0,2288515.0,2568000000.0,56.263143,,,,5.734857
ruby,laghos,-p 1 -dim 2 -rs 3 -tf 3.9,1.0666,52986000000.0,176060000000.0,58600000000.0,519740000000.0,1576000000.0,1306000000.0,20000000.0,30000000.0,8425715.0,114772000000.0,59663085113.0,105105.0,2289917.0,2594000000.0,57.099779,,,,6.896221
ruby,laghos,-p 1 -dim 2 -rs 3 -tf 3.9 -pa,1.0333,52984000000.0,176058000000.0,58602000000.0,519722000000.0,1568000000.0,1306000000.0,22000000.0,34000000.0,8423809.0,114772000000.0,59677377112.0,105103.0,2289916.0,2606000000.0,57.123776,,,,4.874224
ruby,laghos,-p 1 -dim 2 -rs 3 -tf 4,1.1166,55026000000.0,182760000000.0,60840000000.0,539442000000.0,1468000000.0,1346000000.0,20000000.0,34000000.0,8738068.0,119067000000.0,61959228187.0,105104.0,2293099.0,2826000000.0,59.551817,,,,7.444183
ruby,laghos,-p 1 -dim 2 -rs 3 -tf 4,1.0833,64030071429.0,102463000000.0,35221928571.0,276953000000.0,251857142.9,105392857.1,36678571.43,30571428.57,24432.82143,2151204941.0,19499350987.0,108901.7679,2110395.804,2716071429.0,26.14075173,,,,38.85724827
ruby,laghos,-p 1 -dim 2 -rs 3 -tf 4 -pa,1.1,54976000000.0,182724000000.0,60820000000.0,539384000000.0,1474000000.0,1346000000.0,22000000.0,34000000.0,8738390.0,119066000000.0,61992888106.0,105105.0,2293098.0,2760000000.0,60.07654,,,,5.92346
ruby,laghos,-p 1 -dim 2 -rs 3 -tf 4 -pa,1.05,63745142857.0,101984000000.0,35088571429.0,275752000000.0,250178571.4,107107142.9,36428571.43,30607142.86,24135.60714,2151237972.0,19335918506.0,108957.75,2110398.982,2720142857.0,26.12666041,,,,36.87333959
ruby,laghos,-p 1 -dim 2 -rs 3 -tf 4.1,1.1666,57992000000.0,192714000000.0,64148000000.0,568864000000.0,1718000000.0,1424000000.0,26000000.0,38000000.0,9217837.0,125624000000.0,65303332220.0,105105.0,2297816.0,2860000000.0,62.557218,,,,7.438782
ruby,laghos,-p 1 -dim 2 -rs 3 -tf 4.1 -pa,1.15,57956000000.0,192692000000.0,64134000000.0,568838000000.0,1712000000.0,1422000000.0,24000000.0,36000000.0,9218376.0,125625000000.0,65340194060.0,105105.0,2297816.0,2880000000.0,63.336294,,,,5.663706
ruby,laghos,-p 1 -dim 2 -rs 3 -tf 4.2,1.2166,61438000000.0,204168000000.0,67962000000.0,602678000000.0,1816000000.0,1512000000.0,22000000.0,38000000.0,9765276.0,133089000000.0,69241571831.0,105104.0,2303264.0,2980000000.0,66.663705,,,,6.332295
ruby,laghos,-p 1 -dim 2 -rs 3 -tf 4.2 -pa,1.2333,61440000000.0,204170000000.0,67970000000.0,602688000000.0,1822000000.0,1514000000.0,26000000.0,44000000.0,9774957.0,133095000000.0,69233062229.0,105104.0,2303263.0,3010000000.0,65.492137,,,,8.505863
ruby,laghos,-p 1 -dim 2 -rs 3 -tf 4.3,1.3,65460000000.0,217444000000.0,72390000000.0,641848000000.0,1936000000.0,1606000000.0,20000000.0,42000000.0,10401205.0,141738000000.0,73808882630.0,105105.0,2309486.0,3230000000.0,71.039487,,,,6.960513
ruby,laghos,-p 1 -dim 2 -rs 3 -tf 4.3 -pa,1.3166,65442000000.0,217432000000.0,72382000000.0,641840000000.0,1934000000.0,1614000000.0,18000000.0,42000000.0,10400296.0,141734000000.0,73700252959.0,105104.0,2309487.0,3204000000.0,70.369001,,,,8.626999
ruby,laghos,-p 1 -dim 2 -rs 3 -tf 4.4,1.3833,69228000000.0,230096000000.0,76592000000.0,679252000000.0,2052000000.0,1700000000.0,30000000.0,44000000.0,11008313.0,150003000000.0,78030453837.0,105105.0,2315464.0,3408000000.0,74.855696,,,,8.142304
ruby,laghos,-p 1 -dim 2 -rs 3 -tf 4.4 -pa,1.3666,69256000000.0,230110000000.0,76604000000.0,679274000000.0,2068000000.0,1702000000.0,26000000.0,42000000.0,11010488.0,150000000000.0,77982496050.0,105104.0,2315464.0,3396000000.0,74.47073,,,,7.52527
ruby,laghos,-p 1 -dim 2 -rs 3 -tf 4.5,1.45,72284000000.0,240142000000.0,79944000000.0,708874000000.0,1944000000.0,1770000000.0,28000000.0,48000000.0,11490692.0,156648000000.0,81437244503.0,105104.0,2320162.0,3596000000.0,79.527637,,,,7.472363
ruby,laghos,-p 1 -dim 2 -rs 3 -tf 4.5,1.4,84159464286.0,134663000000.0,46286607143.0,364002000000.0,328892857.1,138571428.6,48535714.29,40285714.29,24557.82143,2822220817.0,25598096154.0,108901.75,2110872.536,3550071429.0,33.9113563,,,,50.0886437
ruby,laghos,-p 1 -dim 2 -rs 3 -tf 4.5 -pa,1.4333,72252000000.0,240118000000.0,79930000000.0,708840000000.0,1946000000.0,1770000000.0,28000000.0,44000000.0,11490923.0,156644000000.0,81460981154.0,105104.0,2320161.0,3696000000.0,79.083352,,,,6.914648
ruby,laghos,-p 1 -dim 2 -rs 3 -tf 4.5 -pa,1.3833,84488000000.0,135076000000.0,46478321429.0,365324000000.0,328428571.4,139214285.7,48500000.0,40142857.14,24172.85714,2822127064.0,25558495755.0,108901.75,2110872.536,3572678571.0,34.08620111,,,,48.91179889
ruby,laghos,-p 1 -dim 2 -rs 3 -tf 4.6,1.4666,74336000000.0,247052000000.0,82238000000.0,729318000000.0,2202000000.0,1824000000.0,28000000.0,52000000.0,11817131.0,161063000000.0,83818480877.0,105104.0,2323517.0,3674000000.0,80.442841,,,,7.553159
ruby,laghos,-p 1 -dim 2 -rs 3 -tf 4.6 -pa,1.45,74376000000.0,247084000000.0,82256000000.0,729364000000.0,2194000000.0,1832000000.0,24000000.0,40000000.0,11815322.0,161061000000.0,83814704457.0,105105.0,2323516.0,3668000000.0,81.012876,,,,5.987124
ruby,laghos,-p 1 -dim 2 -rs 3 -tf 4.7,1.5166,75828000000.0,252080000000.0,83906000000.0,744182000000.0,2248000000.0,1862000000.0,30000000.0,48000000.0,12056000.0,164354000000.0,85579259876.0,105103.0,2325909.0,3750000000.0,82.252707,,,,8.743293
ruby,laghos,-p 1 -dim 2 -rs 3 -tf 4.7 -pa,1.5,75896000000.0,252134000000.0,83940000000.0,744260000000.0,2244000000.0,1862000000.0,34000000.0,46000000.0,12059606.0,164350000000.0,85550615489.0,105104.0,2325910.0,3796000000.0,82.818504,,,,7.181496
ruby,laghos,-p 1 -dim 2 -rs 3 -tf 4.8,1.5666,78158000000.0,259616000000.0,86434000000.0,766330000000.0,2310000000.0,1920000000.0,28000000.0,46000000.0,12411861.0,169226000000.0,88133783097.0,105105.0,2329406.0,3848000000.0,84.190561,,,,9.805439
ruby,laghos,-p 1 -dim 2 -rs 3 -tf 4.8 -pa,1.5333,78122000000.0,259594000000.0,86420000000.0,766288000000.0,2324000000.0,1916000000.0,30000000.0,52000000.0,12410444.0,169222000000.0,88103765464.0,105104.0,2329407.0,3760000000.0,82.861551,,,,9.136449
ruby,laghos,-p 1 -dim 2 -rs 3 -tf 4.9,1.6,80734000000.0,268280000000.0,89310000000.0,791984000000.0,2396000000.0,1984000000.0,26000000.0,44000000.0,12829551.0,174893000000.0,90972648033.0,105105.0,2333493.0,3968000000.0,87.584136,,,,8.415864
ruby,laghos,-p 1 -dim 2 -rs 3 -tf 4.9 -pa,1.65,80760000000.0,268302000000.0,89318000000.0,792020000000.0,2396000000.0,1982000000.0,36000000.0,54000000.0,12830157.0,174894000000.0,90903510813.0,105104.0,2333493.0,3946000000.0,87.4153,,,,11.5847
ruby,laghos,-p 1 -dim 2 -rs 3 -tf 5,1.65,83378000000.0,277104000000.0,92236000000.0,818108000000.0,2244000000.0,2046000000.0,30000000.0,50000000.0,13262163.0,180772000000.0,93974343287.0,105104.0,2337457.0,4208000000.0,91.677812,,,,7.322188
ruby,laghos,-p 1 -dim 2 -rs 3 -tf 5,1.6,97909464286.0,156565000000.0,53807678571.0,423273000000.0,377392857.1,158928571.4,55928571.43,46571428.57,23927.625,3257388146.0,29562903336.0,108902.7321,2111182.482,4114107143.0,40.09639268,,,,55.90360732
ruby,laghos,-p 1 -dim 2 -rs 3 -tf 5 -pa,1.6833,83426000000.0,277144000000.0,92260000000.0,818152000000.0,2238000000.0,2048000000.0,20000000.0,50000000.0,13262873.0,180775000000.0,93965061815.0,105104.0,2337457.0,4140000000.0,92.005162,,,,8.992838
ruby,laghos,-p 1 -dim 2 -rs 3 -tf 5 -pa,1.6666,96234785714.0,153982000000.0,52990571429.0,416354000000.0,371571428.6,159000000.0,55392857.14,46178571.43,24143.17857,3257349111.0,29629504914.0,108846.7321,2111181.482,4121357143.0,39.11134645,,,,60.88465355
ruby,laghos,-p 1 -dim 2 -rs 3 -tf 5.5,1.8666,93446000000.0,310516000000.0,103360000000.0,916752000000.0,2494000000.0,2292000000.0,34000000.0,56000000.0,14848316.0,202574000000.0,105426000000.0,105105.0,2353136.0,4728000000.0,106.343875,,,,5.652125
ruby,laghos,-p 1 -dim 2 -rs 3 -tf 5.5,1.7666,109423000000.0,175017000000.0,60156250000.0,473127000000.0,420321428.6,180464285.7,62571428.57,51964285.71,24268.0,3645696229.0,33195353401.0,108901.7679,2111466.804,4491607143.0,44.44109604,,,,61.55490396
ruby,laghos,-p 1 -dim 2 -rs 3 -tf 5.5 -pa,1.85,93462000000.0,310530000000.0,103374000000.0,916782000000.0,2502000000.0,2296000000.0,36000000.0,56000000.0,14848318.0,202575000000.0,105307000000.0,105104.0,2353136.0,4778000000.0,100.687979,,,,10.312021
ruby,laghos,-p 1 -dim 2 -rs 3 -tf 5.5 -pa,1.7833,110218000000.0,176302000000.0,60529678571.0,476416000000.0,426571428.6,180678571.4,62821428.57,52428571.43,23930.28571,3651049707.0,33418831342.0,108958.7321,2111463.464,4561857143.0,43.78555213,,,,63.21244787
ruby,laghos,-p 1 -dim 3 -rs 1 -tf 3,0.55,18720000000.0,77366000000.0,27042000000.0,220658000000.0,672000000.0,502000000.0,14000000.0,10000000.0,30893165.0,77798859731.0,25750544940.0,105104.0,2224469.0,1712000000.0,29.431343,,,,3.568657
ruby,laghos,-p 1 -dim 3 -rs 1 -tf 3,0.5666,28630821429.0,44450071429.0,15916750000.0,122693000000.0,149250000.0,74285714.29,18857142.86,12107142.86,517195.4464,1399100514.0,9220658590.0,108958.7321,2109176.661,1725464286.0,16.0983477,,,,17.8976523
ruby,laghos,-p 1 -dim 3 -rs 1 -tf 3 -pa,0.55,18720000000.0,77366000000.0,27040000000.0,220672000000.0,674000000.0,504000000.0,16000000.0,10000000.0,30885813.0,77791779538.0,25745009552.0,105104.0,2224469.0,1834000000.0,29.840148,,,,3.159852
ruby,laghos,-p 1 -dim 3 -rs 1 -tf 3 -pa,0.6166,28384178571.0,44071750000.0,15795714286.0,121675000000.0,149214285.7,74392857.14,18785714.29,12000000.0,518308.4107,1399096898.0,9176737645.0,108846.7321,2109174.661,1739428571.0,16.12746657,,,,20.86853343
ruby,laghos,-p 1 -dim 3 -rs 1 -tf 3.5,0.6833,23424000000.0,96700000000.0,33796000000.0,275976000000.0,844000000.0,628000000.0,18000000.0,14000000.0,37522067.0,97272561689.0,32182235696.0,105104.0,2228799.0,2254000000.0,37.167709,,,,3.830291
ruby,laghos,-p 1 -dim 3 -rs 1 -tf 3.5,0.6666,35490678571.0,55088821429.0,19756178571.0,152146000000.0,186464285.7,92928571.43,23678571.43,15357142.86,622697.4107,1749263487.0,11480525295.0,108901.75,2109252.946,2192928571.0,19.77985157,,,,20.21614843
ruby,laghos,-p 1 -dim 3 -rs 1 -tf 3.5 -pa,0.7166,23434000000.0,96706000000.0,33800000000.0,275992000000.0,842000000.0,630000000.0,20000000.0,14000000.0,37511430.0,97268708641.0,32204816500.0,105104.0,2228797.0,2336000000.0,37.864742,,,,5.131258
ruby,laghos,-p 1 -dim 3 -rs 1 -tf 3.5 -pa,0.6666,35627142857.0,55320392857.0,19818321429.0,152708000000.0,186214285.7,92642857.14,23750000.0,15250000.0,622880.3214,1749280838.0,11460628720.0,108901.7679,2109252.946,2141178571.0,19.68985627,,,,20.30614373
ruby,laghos,-p 1 -dim 3 -rs 1 -tf 4,0.8333,28908000000.0,119378000000.0,41704000000.0,340638000000.0,1038000000.0,776000000.0,22000000.0,16000000.0,45815995.0,120074000000.0,39643887017.0,105104.0,2233981.0,2848000000.0,46.281008,,,,3.716992
ruby,laghos,-p 1 -dim 3 -rs 1 -tf 4,0.7833,44113357143.0,68456535714.0,24536250000.0,189050000000.0,229392857.1,115000000.0,29642857.14,19107142.86,754813.2321,2159174593.0,13987065218.0,108957.75,2109346.5,2690250000.0,25.16290925,,,,21.83509075
ruby,laghos,-p 1 -dim 3 -rs 1 -tf 4 -pa,0.8333,28918000000.0,119390000000.0,41716000000.0,340646000000.0,1042000000.0,778000000.0,24000000.0,18000000.0,45822705.0,120071000000.0,39629497166.0,105104.0,2233981.0,2810000000.0,46.407767,,,,3.590233
ruby,laghos,-p 1 -dim 3 -rs 1 -tf 4 -pa,0.7833,43958321429.0,68191000000.0,24458285714.0,188376000000.0,230071428.6,114500000.0,29571428.57,19071428.57,753611.1071,2159238028.0,14110041559.0,108901.75,2109345.5,2689571429.0,24.28712214,,,,22.71087786
ruby,laghos,-p 1 -dim 3 -rs 1 -tf 4.5,0.9666,33668000000.0,139030000000.0,48566000000.0,396490000000.0,1212000000.0,904000000.0,28000000.0,20000000.0,52841983.0,139776000000.0,45996438218.0,105104.0,2238376.0,3304000000.0,53.983153,,,,4.012847
ruby,laghos,-p 1 -dim 3 -rs 1 -tf 4.5,0.8833,51300107143.0,79624642857.0,28540500000.0,219867000000.0,267964285.7,133571428.6,34535714.29,22392857.14,865463.9643,2513735256.0,16531706550.0,108957.75,2109424.964,3126678571.0,28.56651302,,,,24.43148698
ruby,laghos,-p 1 -dim 3 -rs 1 -tf 4.5 -pa,0.9666,33664000000.0,139016000000.0,48562000000.0,396496000000.0,1212000000.0,904000000.0,26000000.0,20000000.0,52846566.0,139775000000.0,46014530258.0,105104.0,2238374.0,3294000000.0,54.460028,,,,3.535972
ruby,laghos,-p 1 -dim 3 -rs 1 -tf 4.5 -pa,0.9,51325392857.0,79757964286.0,28542821429.0,220017000000.0,268571428.6,134535714.3,34500000.0,22357142.86,865889.9464,2513680295.0,16522735899.0,108902.7321,2109423.982,3122678571.0,28.46883532,,,,25.53116468
ruby,laghos,-p 1 -dim 3 -rs 1 -tf 5,1.1,37624000000.0,155472000000.0,54304000000.0,443246000000.0,1350000000.0,1014000000.0,30000000.0,22000000.0,57820257.0,156267000000.0,51366048170.0,105104.0,2242216.0,3704000000.0,60.085882,,,,5.914118
ruby,laghos,-p 1 -dim 3 -rs 1 -tf 5,0.9666,57041964286.0,88565964286.0,31762892857.0,244567000000.0,299857142.9,150428571.4,38892857.14,25107142.86,942867.6429,2810298250.0,18483927786.0,108901.75,2109492.554,3496785714.0,31.99659032,,,,25.99940968
ruby,laghos,-p 1 -dim 3 -rs 1 -tf 5 -pa,1.0833,37640000000.0,155482000000.0,54308000000.0,443264000000.0,1356000000.0,1016000000.0,32000000.0,24000000.0,57821633.0,156269000000.0,51338682554.0,105104.0,2242217.0,3954000000.0,60.351095,,,,4.646905
ruby,laghos,-p 1 -dim 3 -rs 1 -tf 5 -pa,0.9666,57217785714.0,88825571429.0,31841857143.0,245260000000.0,300500000.0,150000000.0,38857142.86,25178571.43,943640.1786,2810543723.0,18482636660.0,108901.75,2109492.554,3502750000.0,32.59464741,,,,25.40135259
ruby,laghos,-p 1 -dim 3 -rs 1 -tf 5.5,1.1666,40964000000.0,169372000000.0,59164000000.0,482752000000.0,1472000000.0,1104000000.0,32000000.0,26000000.0,61888290.0,170223000000.0,55923763028.0,105105.0,2245512.0,4000000000.0,65.418938,,,,4.577062
ruby,laghos,-p 1 -dim 3 -rs 1 -tf 5.5,1.1,62739928571.0,97246500000.0,34884714286.0,268747000000.0,324714285.7,163000000.0,42321428.57,27464285.71,1004801.679,3061358777.0,20138312466.0,108957.75,2109552.411,3811571429.0,34.58585464,,,,31.41414536
ruby,laghos,-p 1 -dim 3 -rs 1 -tf 5.5 -pa,1.1666,40958000000.0,169358000000.0,59162000000.0,482740000000.0,1478000000.0,1108000000.0,34000000.0,24000000.0,61886044.0,170221000000.0,55985694975.0,105104.0,2245513.0,4092000000.0,65.808932,,,,4.187068
ruby,laghos,-p 1 -dim 3 -rs 1 -tf 5.5 -pa,1.05,62682392857.0,97317000000.0,34848178571.0,268612000000.0,327321428.6,164214285.7,42285714.29,27428571.43,1005039.929,3061525698.0,20026508742.0,108901.75,2109551.411,3763107143.0,34.49511771,,,,28.50488229
ruby,laghos,-p 1 -dim 3 -rs 2 -tf 3,10.7833,322798000000.0,1584790000000.0,553512000000.0,4431700000000.0,22588000000.0,11134000000.0,636000000.0,592000000.0,610056523.0,1655160000000.0,531700000000.0,105104.0,2250491.0,39346000000.0,595.027665,,,,51.970335
ruby,laghos,-p 1 -dim 3 -rs 2 -tf 3,1.8166,99726107143.0,169847000000.0,62275035714.0,477435000000.0,968500000.0,617642857.1,105000000.0,83250000.0,10184840.5,29656117678.0,38362451357.0,108901.75,2109637.107,5873750000.0,67.72138404,,,,41.27461596
ruby,laghos,-p 1 -dim 3 -rs 2 -tf 3 -pa,10.8166,322624000000.0,1584660000000.0,553432000000.0,4431500000000.0,22562000000.0,11138000000.0,590000000.0,440000000.0,609509724.0,1655160000000.0,531771000000.0,105104.0,2250491.0,39266000000.0,600.572874,,,,48.423126
ruby,laghos,-p 1 -dim 3 -rs 2 -tf 3 -pa,1.85,100953000000.0,171655000000.0,62830964286.0,482326000000.0,968000000.0,616750000.0,104857142.9,83178571.43,10184890.04,29656465480.0,38486291138.0,108901.75,2109637.107,5903285714.0,68.38074266,,,,42.61925734
ruby,laghos,-p 1 -dim 3 -rs 2 -tf 3.5,13.25,431046000000.0,2117500000000.0,739212000000.0,5917090000000.0,30334000000.0,14894000000.0,720000000.0,504000000.0,785532147.0,2210570000000.0,707229000000.0,105104.0,2265126.0,52410000000.0,796.269975,,,,-1.269975
ruby,laghos,-p 1 -dim 3 -rs 2 -tf 3.5,2.4333,135068000000.0,229732000000.0,84075571429.0,645317000000.0,1295750000.0,825714285.7,141178571.4,111642857.1,13084674.2,39608428534.0,50955822159.0,108958.7321,2109899.464,7916107143.0,91.31535521,,,,54.68264479
ruby,laghos,-p 1 -dim 3 -rs 2 -tf 3.5 -pa,13.3333,430952000000.0,2117410000000.0,739168000000.0,5916970000000.0,30232000000.0,14880000000.0,808000000.0,754000000.0,786282460.0,2210570000000.0,707330000000.0,105104.0,2265126.0,52480000000.0,795.217534,,,,4.780466
ruby,laghos,-p 1 -dim 3 -rs 2 -tf 3.5 -pa,2.3833,133765000000.0,227991000000.0,83449500000.0,640208000000.0,1295571429.0,827321428.6,141214285.7,111714285.7,13084705.02,39609247490.0,51449618969.0,108958.7321,2109899.464,7869714286.0,90.75513646,,,,52.24286354
ruby,laghos,-p 1 -dim 3 -rs 2 -tf 4,17.85,537058000000.0,2639600000000.0,921268000000.0,7371440000000.0,37642000000.0,18586000000.0,966000000.0,618000000.0,914495565.0,2753850000000.0,878324000000.0,105104.0,2279520.0,64660000000.0,990.41646,,,,80.58354
ruby,laghos,-p 1 -dim 3 -rs 2 -tf 4,3.0166,168996000000.0,287397000000.0,105106000000.0,806946000000.0,1617071429.0,1030428571.0,176321428.6,139714285.7,15232738.75,49345317644.0,63014639787.0,108958.7321,2110156.518,9916750000.0,113.4395326,,,,67.55646736
ruby,laghos,-p 1 -dim 3 -rs 2 -tf 4 -pa,17.8666,537158000000.0,2639720000000.0,921316000000.0,7371610000000.0,37690000000.0,18608000000.0,890000000.0,716000000.0,916677196.0,2753850000000.0,878208000000.0,105104.0,2279520.0,65608000000.0,993.836842,,,,78.159158
ruby,laghos,-p 1 -dim 3 -rs 2 -tf 4 -pa,3.0333,167859000000.0,285661000000.0,104613000000.0,802425000000.0,1618035714.0,1032178571.0,176142857.1,139821428.6,15234463.11,49353724994.0,64190376489.0,108901.75,2110155.5,9917821429.0,113.4146701,,,,68.58332993
ruby,laghos,-p 1 -dim 3 -rs 2 -tf 4.5,19.2666,580896000000.0,2854960000000.0,996300000000.0,7970240000000.0,40778000000.0,20076000000.0,1114000000.0,938000000.0,961609827.0,2978090000000.0,947521000000.0,105104.0,2285379.0,71098000000.0,1069.910231,,,,86.085769
ruby,laghos,-p 1 -dim 3 -rs 2 -tf 4.5,3.2,180570000000.0,307799000000.0,112656000000.0,864044000000.0,1747821429.0,1117607143.0,191142857.1,151000000.0,15979179.23,53361114116.0,68726201578.0,108901.7679,2110260.125,10809000000.0,122.5893058,,,,69.4106942
ruby,laghos,-p 1 -dim 3 -rs 2 -tf 4.5 -pa,19.3166,580674000000.0,2854800000000.0,996198000000.0,7969990000000.0,40854000000.0,20118000000.0,1000000000.0,698000000.0,961308295.0,2978090000000.0,948152000000.0,105104.0,2285379.0,70558000000.0,1072.876613,,,,86.119387
ruby,laghos,-p 1 -dim 3 -rs 2 -tf 4.5 -pa,3.2666,183236000000.0,311644000000.0,113916000000.0,874757000000.0,1745678571.0,1115178571.0,190857142.9,151178571.4,15978985.2,53362537002.0,68726743211.0,108901.7679,2110260.125,10681964286.0,121.8015407,,,,74.19445927
ruby,laghos,-p 1 -dim 3 -rs 2 -tf 5,21.0833,635372000000.0,3126550000000.0,1090920000000.0,8726910000000.0,44566000000.0,21982000000.0,1272000000.0,1058000000.0,1006544981.0,3261210000000.0,1037110000000.0,105104.0,2293033.0,77458000000.0,1177.704111,,,,87.293889
ruby,laghos,-p 1 -dim 3 -rs 2 -tf 5,3.4666,198230000000.0,337756000000.0,123614000000.0,948236000000.0,1919321429.0,1224714286.0,208714285.7,165821428.6,16743185.27,58434861811.0,75883125376.0,108901.75,2110396.786,11853392857.0,134.4494287,,,,73.54657132
ruby,laghos,-p 1 -dim 3 -rs 2 -tf 5 -pa,21.1666,635944000000.0,3126970000000.0,1091180000000.0,8727510000000.0,44676000000.0,22056000000.0,1200000000.0,1084000000.0,1005030067.0,3261210000000.0,1037880000000.0,105104.0,2293033.0,77230000000.0,1175.091289,,,,94.904711
ruby,laghos,-p 1 -dim 3 -rs 2 -tf 5 -pa,3.6,200233000000.0,340542000000.0,124550000000.0,956093000000.0,1911285714.0,1223678571.0,208642857.1,165821428.6,16742948.95,58435278377.0,75851965435.0,108902.7321,2110396.804,11789642857.0,133.6387502,,,,82.36124979
ruby,laghos,-p 1 -dim 3 -rs 2 -tf 5.5,24.6333,740992000000.0,3646660000000.0,1272910000000.0,10175600000000.0,52252000000.0,25806000000.0,1334000000.0,1088000000.0,1110044697.0,3802600000000.0,1209970000000.0,105105.0,2308101.0,90650000000.0,1366.870854,,,,111.127146
ruby,laghos,-p 1 -dim 3 -rs 2 -tf 5.5,4.0666,228912000000.0,390026000000.0,143087000000.0,1096140000000.0,2228892857.0,1421857143.0,243464285.7,193035714.3,18504182.14,68136173805.0,87263450071.0,108901.7679,2110665.875,13862571429.0,157.1412484,,,,86.85475162
ruby,laghos,-p 1 -dim 3 -rs 2 -tf 5.5 -pa,24.7333,740950000000.0,3646680000000.0,1272890000000.0,10175600000000.0,51936000000.0,25786000000.0,1294000000.0,1088000000.0,1109852932.0,3802600000000.0,1210030000000.0,105105.0,2308101.0,90312000000.0,1365.789997,,,,118.208003
ruby,laghos,-p 1 -dim 3 -rs 2 -tf 5.5 -pa,4.0333,230083000000.0,391910000000.0,143588000000.0,1100910000000.0,2232321429.0,1425928571.0,243714285.7,192928571.4,18502698.63,68125608603.0,87388482270.0,108845.75,2110664.875,14144821429.0,158.7473162,,,,83.2506838
ruby,laghos,-p 2 -dim 2 -rs 2 -tf 3,0.1333,8376000000.0,20126000000.0,6476000000.0,61866000000.0,168000000.0,118000000.0,0.0,0.0,3312397.0,11845955886.0,6090512454.0,105104.0,2245789.0,278000000.0,6.877528,,,,1.120472
ruby,laghos,-p 2 -dim 2 -rs 2 -tf 3,0.4666,23260642857.0,36720178571.0,12573821429.0,98829035714.0,70750000.0,25785714.29,8821428.571,6357142.857,26396.92857,217440842.1,6514652472.0,108957.75,2109555.786,1373500000.0,9.268831536,,,,18.72716846
ruby,laghos,-p 2 -dim 2 -rs 2 -tf 3 -pa,0.1333,8380000000.0,20130000000.0,6478000000.0,61866000000.0,170000000.0,118000000.0,0.0,0.0,3311133.0,11848903621.0,6117620276.0,105104.0,2245789.0,268000000.0,6.747109,,,,1.250891
ruby,laghos,-p 2 -dim 2 -rs 2 -tf 3 -pa,0.4666,23213321429.0,36638178571.0,12554000000.0,98638964286.0,70892857.14,25928571.43,8857142.857,6392857.143,23205.94643,217446204.3,6465579598.0,108957.75,2109555.786,1409500000.0,9.101718196,,,,18.8942818
ruby,laghos,-p 2 -dim 2 -rs 2 -tf 3.5,0.15,9576000000.0,23010000000.0,7404000000.0,70726000000.0,194000000.0,134000000.0,0.0,0.0,3785940.0,13546642461.0,6952957182.0,105104.0,2251343.0,308000000.0,8.551962,,,,0.448038
ruby,laghos,-p 2 -dim 2 -rs 2 -tf 3.5,0.5,26574928571.0,41941285714.0,14365678571.0,112900000000.0,81500000.0,30071428.57,10357142.86,7500000.0,25367.375,248593650.8,7369847945.0,108901.7679,2109653.946,1497000000.0,10.16739173,,,,19.83260827
ruby,laghos,-p 2 -dim 2 -rs 2 -tf 3.5 -pa,0.15,9584000000.0,23014000000.0,7404000000.0,70732000000.0,192000000.0,136000000.0,0.0,0.0,3786612.0,13546343522.0,6955977902.0,105103.0,2251340.0,306000000.0,8.433639,,,,0.566361
ruby,laghos,-p 2 -dim 2 -rs 2 -tf 3.5 -pa,0.5166,26406607143.0,41665821429.0,14294428571.0,112232000000.0,81107142.86,30000000.0,10357142.86,7571428.571,24660.01786,248628809.9,7367410211.0,108957.75,2109654.946,1558321429.0,10.98209738,,,,20.01390262
ruby,laghos,-p 2 -dim 2 -rs 2 -tf 4,0.1666,10234000000.0,24576000000.0,7910000000.0,75540000000.0,208000000.0,144000000.0,0.0,0.0,4042501.0,14463178268.0,7438615524.0,105104.0,2254409.0,328000000.0,8.703341,,,,1.292659
ruby,laghos,-p 2 -dim 2 -rs 2 -tf 4,0.5333,28224535714.0,44536285714.0,15274357143.0,119952000000.0,86714285.71,31464285.71,11142857.14,8107142.857,24097.82143,265513628.8,7959247188.0,108957.7679,2109709.714,1608321429.0,11.18697823,,,,20.81102177
ruby,laghos,-p 2 -dim 2 -rs 2 -tf 4 -pa,0.1666,10232000000.0,24576000000.0,7908000000.0,75536000000.0,206000000.0,146000000.0,0.0,0.0,4041026.0,14462993303.0,7427186357.0,105104.0,2254409.0,328000000.0,8.483432,,,,1.512568
ruby,laghos,-p 2 -dim 2 -rs 2 -tf 4 -pa,0.55,28080428571.0,44321535714.0,15201214286.0,119367000000.0,86964285.71,32321428.57,11214285.71,8178571.429,25880.75,265506919.4,8005700799.0,108845.75,2109707.714,1675535714.0,11.17937023,,,,21.82062977
ruby,laghos,-p 2 -dim 2 -rs 2 -tf 4.5,0.1833,11174000000.0,26838000000.0,8640000000.0,82502000000.0,224000000.0,158000000.0,0.0,0.0,4415017.0,15799785862.0,8114649125.0,105103.0,2258854.0,372000000.0,9.108228,,,,1.889772
ruby,laghos,-p 2 -dim 2 -rs 2 -tf 4.5,0.5833,31083142857.0,49057678571.0,16794964286.0,132037000000.0,95357142.86,35214285.71,12357142.86,8678571.429,25222.08929,290021376.0,8567800466.0,108901.75,2109788.161,1774214286.0,12.14494641,,,,22.85305359
ruby,laghos,-p 2 -dim 2 -rs 2 -tf 4.5 -pa,0.2,11176000000.0,26842000000.0,8640000000.0,82504000000.0,226000000.0,158000000.0,0.0,0.0,4414890.0,15800522703.0,8114529204.0,105103.0,2258854.0,358000000.0,9.462583,,,,2.537417
ruby,laghos,-p 2 -dim 2 -rs 2 -tf 4.5 -pa,0.5666,30955428571.0,48847785714.0,16733821429.0,131503000000.0,94928571.43,35214285.71,12321428.57,8642857.143,24979.07143,289987888.5,8623871766.0,108957.7679,2109789.161,1782714286.0,11.88822646,,,,22.10777354
ruby,laghos,-p 2 -dim 2 -rs 2 -tf 5,0.2166,12574000000.0,30200000000.0,9720000000.0,92812000000.0,254000000.0,178000000.0,0.0,0.0,4966049.0,17775729006.0,9146253809.0,105104.0,2265381.0,412000000.0,10.732366,,,,2.263634
ruby,laghos,-p 2 -dim 2 -rs 2 -tf 5,0.6833,34808928571.0,54946821429.0,18829071429.0,147936000000.0,107535714.3,40178571.43,14035714.29,10000000.0,25743.21429,326226709.0,9698909091.0,108901.7679,2109904.679,1993678571.0,13.25871013,,,,27.73928988
ruby,laghos,-p 2 -dim 2 -rs 2 -tf 5 -pa,0.2166,12570000000.0,30200000000.0,9718000000.0,92812000000.0,254000000.0,178000000.0,0.0,0.0,4966937.0,17774283835.0,9125539008.0,105104.0,2265381.0,408000000.0,10.602344,,,,2.393656
ruby,laghos,-p 2 -dim 2 -rs 2 -tf 5 -pa,0.6333,34963892857.0,55188928571.0,18893535714.0,148533000000.0,106928571.4,39714285.71,14000000.0,10035714.29,24000.0,326226233.1,9882044207.0,108957.75,2109905.679,2024714286.0,14.23401168,,,,23.76398832
ruby,laghos,-p 2 -dim 2 -rs 2 -tf 5.5,0.2166,13592000000.0,32652000000.0,10510000000.0,100332000000.0,276000000.0,192000000.0,0.0,0.0,5367572.0,19217477548.0,9874373731.0,105104.0,2270142.0,438000000.0,11.048057,,,,1.947943
ruby,laghos,-p 2 -dim 2 -rs 2 -tf 5.5,0.6833,39757178571.0,62861964286.0,21401035714.0,168873000000.0,115250000.0,42642857.14,15250000.0,11071428.57,24214.83929,352680052.2,10371016323.0,108901.7679,2109989.679,2175392857.0,14.42349893,,,,26.57450107
ruby,laghos,-p 2 -dim 2 -rs 2 -tf 5.5 -pa,0.2166,13590000000.0,32648000000.0,10506000000.0,100326000000.0,274000000.0,194000000.0,0.0,0.0,5367378.0,19216329200.0,9873639365.0,105104.0,2270142.0,436000000.0,10.99249,,,,2.00351
ruby,laghos,-p 2 -dim 2 -rs 2 -tf 5.5 -pa,0.6833,37760250000.0,59591214286.0,20405035714.0,160401000000.0,115857142.9,42750000.0,15285714.29,11107142.86,24033.76786,352693375.5,10471317590.0,108958.7321,2109990.696,2170000000.0,14.56533707,,,,26.43266293
ruby,laghos,-p 2 -dim 3 -rs 1 -tf 3,0.5333,16592000000.0,67262000000.0,24144000000.0,197672000000.0,558000000.0,430000000.0,14000000.0,10000000.0,15312427.0,68486728049.0,26195602745.0,105105.0,2223579.0,1690000000.0,28.259849,,,,3.738151
ruby,laghos,-p 2 -dim 3 -rs 1 -tf 3,0.4833,23382750000.0,36265750000.0,13015035714.0,100338000000.0,121107142.9,60785714.29,15285714.29,9500000.0,251936.5536,1232922610.0,7739248554.0,108957.75,2109160.768,1418750000.0,13.47541386,,,,15.52258614
ruby,laghos,-p 2 -dim 3 -rs 1 -tf 3 -pa,0.5166,16592000000.0,67264000000.0,24144000000.0,197672000000.0,560000000.0,430000000.0,14000000.0,12000000.0,15290916.0,68480014527.0,26168886974.0,105105.0,2223579.0,1712000000.0,28.489572,,,,2.506428
ruby,laghos,-p 2 -dim 3 -rs 1 -tf 3 -pa,0.4833,23409464286.0,36323357143.0,13030035714.0,100468000000.0,121000000.0,60821428.57,15285714.29,9500000.0,251405.7143,1232935330.0,7791065908.0,108845.75,2109158.768,1399821429.0,13.14884411,,,,15.84915589
ruby,laghos,-p 2 -dim 3 -rs 1 -tf 3.5,0.6166,19324000000.0,78324000000.0,28108000000.0,230140000000.0,652000000.0,500000000.0,16000000.0,12000000.0,17821991.0,79734434849.0,30441594831.0,105104.0,2226266.0,1976000000.0,33.006616,,,,3.989384
ruby,laghos,-p 2 -dim 3 -rs 1 -tf 3.5,0.5333,27244785714.0,42254500000.0,15163178571.0,116904000000.0,141928571.4,71107142.86,17750000.0,11321428.57,289654.375,1435373785.0,9036377322.0,108901.75,2109207.732,1631000000.0,15.59121723,,,,16.40678277
ruby,laghos,-p 2 -dim 3 -rs 1 -tf 3.5 -pa,0.6,19308000000.0,78314000000.0,28100000000.0,230124000000.0,654000000.0,500000000.0,16000000.0,12000000.0,17819254.0,79735689749.0,30481394733.0,105104.0,2226265.0,2000000000.0,33.191705,,,,2.808295
ruby,laghos,-p 2 -dim 3 -rs 1 -tf 3.5 -pa,0.5666,27265607143.0,42292285714.0,15171000000.0,116986000000.0,141535714.3,70964285.71,17714285.71,11321428.57,288560.7857,1435173297.0,8888791516.0,108957.75,2109208.732,1644464286.0,15.34622764,,,,18.64977236
ruby,laghos,-p 2 -dim 3 -rs 1 -tf 4,0.6666,20832000000.0,84464000000.0,30308000000.0,248164000000.0,704000000.0,540000000.0,18000000.0,14000000.0,19216685.0,85989468696.0,32799319598.0,105104.0,2227788.0,2080000000.0,35.627764,,,,4.368236
ruby,laghos,-p 2 -dim 3 -rs 1 -tf 4,0.5833,29494678571.0,45755750000.0,16408428571.0,126549000000.0,153071428.6,76750000.0,19178571.43,12285714.29,310178.8214,1547604617.0,9769756277.0,108958.7321,2109235.946,1787142857.0,17.04448863,,,,17.95351138
ruby,laghos,-p 2 -dim 3 -rs 1 -tf 4 -pa,0.65,20838000000.0,84466000000.0,30310000000.0,248174000000.0,704000000.0,538000000.0,20000000.0,12000000.0,19215482.0,85987685660.0,32803114972.0,105104.0,2227788.0,2088000000.0,35.187615,,,,3.812385
ruby,laghos,-p 2 -dim 3 -rs 1 -tf 4 -pa,0.5666,29414178571.0,45599857143.0,16367500000.0,126188000000.0,152750000.0,76214285.71,19214285.71,12285714.29,309992.0893,1547644362.0,9709547815.0,108957.75,2109235.929,1773500000.0,17.3792158,,,,16.6167842
ruby,laghos,-p 2 -dim 3 -rs 1 -tf 4.5,0.7,22576000000.0,91528000000.0,32844000000.0,268924000000.0,762000000.0,584000000.0,18000000.0,14000000.0,20829757.0,93178904371.0,35553307916.0,105104.0,2229593.0,2354000000.0,38.630122,,,,3.369878
ruby,laghos,-p 2 -dim 3 -rs 1 -tf 4.5,0.6166,31732428571.0,49236500000.0,17676142857.0,136219000000.0,165535714.3,82785714.29,20892857.14,13392857.14,334705.3036,1676940930.0,10571988575.0,108957.75,2109268.161,1902642857.0,17.92710082,,,,19.06889918
ruby,laghos,-p 2 -dim 3 -rs 1 -tf 4.5 -pa,0.7,22586000000.0,91540000000.0,32846000000.0,268932000000.0,762000000.0,584000000.0,18000000.0,14000000.0,20832537.0,93179930493.0,35533476716.0,105104.0,2229594.0,2326000000.0,38.513095,,,,3.486905
ruby,laghos,-p 2 -dim 3 -rs 1 -tf 4.5 -pa,0.6333,31754750000.0,49253214286.0,17680785714.0,136276000000.0,166392857.1,83214285.71,20857142.86,13392857.14,334408.125,1676898079.0,10576332362.0,108957.75,2109268.161,1911500000.0,17.80105236,,,,20.19694764
ruby,laghos,-p 2 -dim 3 -rs 1 -tf 5,0.7833,25308000000.0,102606000000.0,36812000000.0,301430000000.0,856000000.0,656000000.0,22000000.0,16000000.0,23348119.0,104441000000.0,39801449628.0,105104.0,2232275.0,2648000000.0,42.895643,,,,4.102357
ruby,laghos,-p 2 -dim 3 -rs 1 -tf 5,0.6833,35656785714.0,55319571429.0,19852428571.0,153033000000.0,186214285.7,93464285.71,23464285.71,15142857.14,371067.5,1879438156.0,11816430148.0,108901.7679,2109315.054,2137607143.0,20.33363146,,,,20.66436854
ruby,laghos,-p 2 -dim 3 -rs 1 -tf 5 -pa,0.7833,25312000000.0,102610000000.0,36816000000.0,301436000000.0,856000000.0,654000000.0,20000000.0,16000000.0,23347750.0,104434000000.0,39831486186.0,105104.0,2232275.0,2616000000.0,43.119437,,,,3.878563
ruby,laghos,-p 2 -dim 3 -rs 1 -tf 5 -pa,0.6666,35908178571.0,55725178571.0,19971035714.0,154072000000.0,185857142.9,94071428.57,23571428.57,15107142.86,370971.1607,1879443834.0,11656346927.0,108901.75,2109315.054,2160250000.0,20.16284041,,,,19.83315959
ruby,laghos,-p 2 -dim 3 -rs 1 -tf 5.5,0.8666,27630000000.0,112036000000.0,40190000000.0,329110000000.0,934000000.0,716000000.0,24000000.0,18000000.0,25499286.0,114033000000.0,43467709587.0,105104.0,2234595.0,2800000000.0,47.182,,,,4.814
ruby,laghos,-p 2 -dim 3 -rs 1 -tf 5.5,0.7,39091357143.0,60647571429.0,21749678571.0,167732000000.0,203428571.4,101892857.1,25928571.43,16642857.14,403649.5179,2051773590.0,12953850147.0,108901.75,2109356.482,2349178571.0,22.20880514,,,,19.79119486
ruby,laghos,-p 2 -dim 3 -rs 1 -tf 5.5 -pa,0.8666,27622000000.0,112038000000.0,40186000000.0,329098000000.0,934000000.0,716000000.0,24000000.0,18000000.0,25497629.0,114036000000.0,43431960021.0,105105.0,2234595.0,2844000000.0,47.130678,,,,4.865322
ruby,laghos,-p 2 -dim 3 -rs 1 -tf 5.5 -pa,0.7,38922428571.0,60394428571.0,21674250000.0,167059000000.0,203071428.6,102357142.9,25785714.29,16571428.57,402132.0714,2051832603.0,12956038587.0,108957.75,2109357.482,2371000000.0,22.16514495,,,,19.83485505
ruby,laghos,-p 2 -dim 3 -rs 2 -tf 3,9.9333,286012000000.0,1358750000000.0,484796000000.0,3905000000000.0,18288000000.0,8736000000.0,514000000.0,588000000.0,246537016.0,1429910000000.0,518291000000.0,105105.0,2245801.0,34720000000.0,554.268832,,,,41.729168
ruby,laghos,-p 2 -dim 3 -rs 2 -tf 3,1.5833,83458892857.0,142300000000.0,52262678571.0,401676000000.0,795071428.6,512607142.9,86714285.71,68678571.43,4258608.232,25620988053.0,33137110732.0,108901.75,2109553.357,4875464286.0,57.44173804,,,,37.55626196
ruby,laghos,-p 2 -dim 3 -rs 2 -tf 3 -pa,10.0,286202000000.0,1358920000000.0,484882000000.0,3905230000000.0,18168000000.0,8748000000.0,498000000.0,374000000.0,246130305.0,1429910000000.0,518632000000.0,105104.0,2245801.0,33784000000.0,552.587679,,,,47.412321
ruby,laghos,-p 2 -dim 3 -rs 2 -tf 3 -pa,1.5666,83617035714.0,142411000000.0,52352928571.0,402262000000.0,796000000.0,511285714.3,86821428.57,68607142.86,4258740.768,25620024190.0,33052062873.0,108958.7321,2109554.375,4846321429.0,57.244962,,,,36.751038
ruby,laghos,-p 3 -dim 2 -rs 1 -tf 3,0.0166,270000000.0,370000000.0,106000000.0,1270000000.0,2000000.0,0.0,0.0,0.0,176803.0,162340892.0,83083708.0,105104.0,2208661.0,2000000.0,0.156879,,,,0.839121
ruby,laghos,-p 3 -dim 2 -rs 1 -tf 3 -pa,0.0166,270000000.0,368000000.0,106000000.0,1272000000.0,2000000.0,0.0,0.0,0.0,175664.0,160538012.0,82809991.0,105104.0,2208661.0,2000000.0,0.158088,,,,0.837912
ruby,laghos,-p 3 -dim 2 -rs 1 -tf 3.5,0.0166,314000000.0,430000000.0,124000000.0,1484000000.0,2000000.0,0.0,0.0,0.0,203509.0,190262350.0,96771557.0,105104.0,2208969.0,2000000.0,0.181331,,,,0.814669
ruby,laghos,-p 3 -dim 2 -rs 1 -tf 3.5 -pa,0.0166,314000000.0,430000000.0,122000000.0,1482000000.0,2000000.0,0.0,0.0,0.0,203931.0,190061427.0,96800919.0,105105.0,2208968.0,2000000.0,0.175378,,,,0.820622
ruby,laghos,-p 3 -dim 2 -rs 1 -tf 4,0.0166,360000000.0,490000000.0,140000000.0,1694000000.0,2000000.0,0.0,0.0,0.0,232055.0,213640598.0,110953956.0,105104.0,2209271.0,2000000.0,0.200217,,,,0.795783
ruby,laghos,-p 3 -dim 2 -rs 1 -tf 4 -pa,0.0333,358000000.0,490000000.0,140000000.0,1692000000.0,2000000.0,0.0,0.0,0.0,231816.0,213712921.0,110897568.0,105104.0,2209271.0,2000000.0,0.206321,,,,1.791679
ruby,laghos,-p 3 -dim 2 -rs 1 -tf 4.5,0.0166,404000000.0,552000000.0,158000000.0,1902000000.0,2000000.0,0.0,0.0,0.0,260335.0,240456749.0,123248521.0,105104.0,2209578.0,2000000.0,0.231849,,,,0.764151
ruby,laghos,-p 3 -dim 2 -rs 1 -tf 4.5 -pa,0.0166,404000000.0,552000000.0,158000000.0,1902000000.0,2000000.0,0.0,0.0,0.0,261309.0,243021443.0,123453176.0,105104.0,2209578.0,2000000.0,0.235257,,,,0.760743
ruby,laghos,-p 3 -dim 2 -rs 1 -tf 5,0.0333,448000000.0,612000000.0,176000000.0,2112000000.0,4000000.0,0.0,0.0,0.0,292232.0,268504667.0,138440772.0,105104.0,2209882.0,2000000.0,0.260156,,,,1.737844
ruby,laghos,-p 3 -dim 2 -rs 1 -tf 5 -pa,0.0166,448000000.0,612000000.0,174000000.0,2114000000.0,4000000.0,0.0,0.0,0.0,290317.0,269691394.0,138480857.0,105105.0,2209881.0,2000000.0,0.256567,,,,0.739433
ruby,laghos,-p 3 -dim 2 -rs 1 -tf 5.5,0.0333,492000000.0,672000000.0,192000000.0,2322000000.0,4000000.0,0.0,0.0,0.0,320373.0,295175232.0,151732892.0,105105.0,2210249.0,4000000.0,0.281224,,,,1.716776
ruby,laghos,-p 3 -dim 2 -rs 1 -tf 5.5 -pa,0.0333,492000000.0,674000000.0,192000000.0,2324000000.0,4000000.0,0.0,0.0,0.0,320188.0,294954688.0,151586347.0,105103.0,2210248.0,4000000.0,0.280205,,,,1.717795
ruby,laghos,-p 3 -dim 2 -rs 2 -tf 3,0.0333,1042000000.0,2418000000.0,772000000.0,7528000000.0,20000000.0,14000000.0,0.0,0.0,419921.0,1417597680.0,729251088.0,105104.0,2210553.0,30000000.0,0.861175,,,,1.136825
ruby,laghos,-p 3 -dim 2 -rs 2 -tf 3,0.2,3073392857.0,4842142857.0,1660750000.0,13048285714.0,8107142.857,2321428.571,71428.57143,35714.28571,23741.98214,26164903.23,859891118.0,108951.75,2108926.464,174357142.9,1.195827679,,,,10.80417232
ruby,laghos,-p 3 -dim 2 -rs 2 -tf 3 -pa,0.0333,1042000000.0,2418000000.0,772000000.0,7526000000.0,20000000.0,14000000.0,0.0,0.0,419683.0,1420968260.0,723138782.0,105103.0,2210551.0,30000000.0,0.826264,,,,1.171736
ruby,laghos,-p 3 -dim 2 -rs 2 -tf 3 -pa,0.2,3046607143.0,4801392857.0,1647500000.0,12938107143.0,8071428.571,2392857.143,71428.57143,35714.28571,23963.82143,26166164.86,863669610.8,108901.75,2108925.571,173892857.1,1.840594607,,,,10.15940539
ruby,laghos,-p 3 -dim 2 -rs 2 -tf 3.5,0.0333,1216000000.0,2822000000.0,900000000.0,8780000000.0,24000000.0,16000000.0,0.0,0.0,490433.0,1655998993.0,846379160.0,105103.0,2211163.0,34000000.0,0.991011,,,,1.006989
ruby,laghos,-p 3 -dim 2 -rs 2 -tf 3.5,0.2,3555607143.0,5603428571.0,1922571429.0,15099321429.0,9642857.143,2785714.286,250000.0,35714.28571,25836.53571,30532844.39,997484462.8,108901.75,2108936.5,209000000.0,1.392860893,,,,10.60713911
ruby,laghos,-p 3 -dim 2 -rs 2 -tf 3.5 -pa,0.0333,1218000000.0,2822000000.0,900000000.0,8784000000.0,24000000.0,16000000.0,0.0,0.0,489829.0,1658641999.0,844816633.0,105104.0,2211166.0,34000000.0,0.980487,,,,1.017513
ruby,laghos,-p 3 -dim 2 -rs 2 -tf 3.5 -pa,0.2,3581428571.0,5643535714.0,1934500000.0,15202571429.0,9571428.571,2821428.571,250000.0,35714.28571,26482.32143,30515258.23,999398876.0,108958.7321,2108937.518,206785714.3,1.403124643,,,,10.59687536
ruby,laghos,-p 3 -dim 2 -rs 2 -tf 4,0.0333,1388000000.0,3220000000.0,1028000000.0,10016000000.0,24000000.0,18000000.0,0.0,0.0,559200.0,1887147560.0,963323779.0,105104.0,2211774.0,40000000.0,1.120264,,,,0.877736
ruby,laghos,-p 3 -dim 2 -rs 2 -tf 4,0.2,4059857143.0,6399107143.0,2193642857.0,17235821429.0,11000000.0,3464285.714,535714.2857,107142.8571,24353.30357,34770670.64,1133711295.0,108958.7321,2108948.375,232357142.9,1.56372925,,,,10.43627075
ruby,laghos,-p 3 -dim 2 -rs 2 -tf 4 -pa,0.0333,1388000000.0,3220000000.0,1026000000.0,10014000000.0,26000000.0,18000000.0,0.0,0.0,559481.0,1886822811.0,964562167.0,105104.0,2211773.0,40000000.0,1.076773,,,,0.921227
ruby,laghos,-p 3 -dim 2 -rs 2 -tf 4 -pa,0.2166,4077964286.0,6424250000.0,2203535714.0,17312428571.0,11071428.57,3607142.857,500000.0,107142.8571,26251.19643,34781125.07,1130412120.0,108901.75,2108947.357,234321428.6,1.575587893,,,,11.42041211
ruby,laghos,-p 3 -dim 2 -rs 2 -tf 4.5,0.0333,1560000000.0,3620000000.0,1154000000.0,11266000000.0,30000000.0,20000000.0,0.0,0.0,629999.0,2122336655.0,1082581156.0,105104.0,2212446.0,44000000.0,1.215793,,,,0.782207
ruby,laghos,-p 3 -dim 2 -rs 2 -tf 4.5,0.2166,4571892857.0,7206392857.0,2470928571.0,19413357143.0,12428571.43,4000000.0,785714.2857,285714.2857,25126.30357,39109410.89,1248786778.0,108951.75,2108960.268,259607142.9,1.762250893,,,,11.23374911
ruby,laghos,-p 3 -dim 2 -rs 2 -tf 4.5 -pa,0.0333,1562000000.0,3622000000.0,1156000000.0,11270000000.0,30000000.0,20000000.0,0.0,0.0,628543.0,2124943126.0,1087088299.0,105104.0,2212447.0,44000000.0,1.936302,,,,0.061698
ruby,laghos,-p 3 -dim 2 -rs 2 -tf 4.5 -pa,0.2,4562642857.0,7188571429.0,2465392857.0,19367285714.0,12464285.71,4000000.0,785714.2857,285714.2857,24894.41071,39126721.66,1255393471.0,108902.7321,2108959.393,262142857.1,1.765132964,,,,10.23486704
ruby,laghos,-p 3 -dim 2 -rs 2 -tf 5,0.0333,1734000000.0,4022000000.0,1282000000.0,12518000000.0,34000000.0,22000000.0,0.0,0.0,698592.0,2358539227.0,1204160802.0,105104.0,2213055.0,50000000.0,1.380748,,,,0.617252
ruby,laghos,-p 3 -dim 2 -rs 2 -tf 5,0.2333,5016892857.0,7904250000.0,2714285714.0,21304357143.0,14107142.86,4750000.0,1178571.429,428571.4286,24750.07143,43469930.77,1432659903.0,108958.7321,2108971.25,292928571.4,1.956844268,,,,12.04115573
ruby,laghos,-p 3 -dim 2 -rs 2 -tf 5 -pa,0.05,1732000000.0,4024000000.0,1282000000.0,12520000000.0,34000000.0,20000000.0,0.0,0.0,698892.0,2357695681.0,1209100481.0,105105.0,2213054.0,50000000.0,1.41135,,,,1.58865
ruby,laghos,-p 3 -dim 2 -rs 2 -tf 5 -pa,0.2,4967500000.0,7833178571.0,2689321429.0,21102035714.0,14000000.0,4714285.714,1178571.429,428571.4286,26741.30357,43438275.88,1387420210.0,108901.7679,2108970.232,286035714.3,1.923252446,,,,10.07674755
ruby,laghos,-p 3 -dim 2 -rs 2 -tf 5.5,0.0666,1908000000.0,4428000000.0,1412000000.0,13770000000.0,36000000.0,24000000.0,0.0,0.0,769857.0,2597566166.0,1323217645.0,105104.0,2213727.0,54000000.0,1.516637,,,,2.479363
ruby,laghos,-p 3 -dim 2 -rs 2 -tf 5.5,0.2166,5520071429.0,8703535714.0,2984607143.0,23439750000.0,15642857.14,5214285.714,1464285.714,571428.5714,25357.23214,47786478.77,1543205643.0,108845.75,2108981.25,325392857.1,2.838144464,,,,10.15785554
ruby,laghos,-p 3 -dim 2 -rs 2 -tf 5.5 -pa,0.0666,1906000000.0,4428000000.0,1412000000.0,13774000000.0,36000000.0,24000000.0,0.0,0.0,769803.0,2596097496.0,1323877411.0,105104.0,2213727.0,54000000.0,1.586497,,,,2.409503
ruby,laghos,-p 3 -dim 2 -rs 2 -tf 5.5 -pa,0.2166,5524107143.0,8705142857.0,2988107143.0,23459107143.0,15392857.14,5285714.286,1464285.714,571428.5714,24013.10714,47785552.48,1532513982.0,108957.75,2108983.25,323857142.9,2.147265321,,,,10.84873468
ruby,laghos,-p 3 -dim 3 -rs 1 -tf 3,0.0833,2270000000.0,9274000000.0,3218000000.0,26376000000.0,80000000.0,58000000.0,0.0,0.0,2303614.0,9272703422.0,2938233930.0,105104.0,2208663.0,208000000.0,3.497384,,,,1.500616
ruby,laghos,-p 3 -dim 3 -rs 1 -tf 3,0.1833,3688857143.0,5713642857.0,2043464286.0,15772571429.0,17678571.43,8392857.143,1500000.0,535714.2857,57760.25,166899513.6,1219032644.0,108901.75,2108893.411,216214285.7,2.047275768,,,,8.950724232
ruby,laghos,-p 3 -dim 3 -rs 1 -tf 3 -pa,0.0833,2270000000.0,9274000000.0,3218000000.0,26376000000.0,80000000.0,58000000.0,0.0,0.0,2305432.0,9270940824.0,2934075228.0,105104.0,2208663.0,204000000.0,3.492073,,,,1.505927
ruby,laghos,-p 3 -dim 3 -rs 1 -tf 3 -pa,0.1833,3704928571.0,5740500000.0,2050928571.0,15838857143.0,17642857.14,8392857.143,1500000.0,535714.2857,58397.0,166961724.1,1214689533.0,108901.75,2108893.411,219464285.7,2.056259161,,,,8.941740839
ruby,laghos,-p 3 -dim 3 -rs 1 -tf 3.5,0.1,2646000000.0,10806000000.0,3750000000.0,30730000000.0,94000000.0,68000000.0,0.0,0.0,2684341.0,10803083173.0,3420701263.0,105104.0,2208970.0,238000000.0,4.0066,,,,1.9934
ruby,laghos,-p 3 -dim 3 -rs 1 -tf 3.5,0.2,4315678571.0,6685214286.0,2389250000.0,18449178571.0,21071428.57,9857142.857,2071428.571,928571.4286,63335.73214,194500689.6,1409741277.0,108901.75,2108898.893,254285714.3,2.362396768,,,,9.637603232
ruby,laghos,-p 3 -dim 3 -rs 1 -tf 3.5 -pa,0.1,2646000000.0,10804000000.0,3750000000.0,30730000000.0,94000000.0,68000000.0,0.0,0.0,2687222.0,10803527269.0,3417088118.0,105105.0,2208970.0,246000000.0,4.021407,,,,1.978593
ruby,laghos,-p 3 -dim 3 -rs 1 -tf 3.5 -pa,0.2166,4305785714.0,6671178571.0,2384678571.0,18408964286.0,20964285.71,10000000.0,2071428.571,928571.4286,63195.05357,194503611.2,1406084352.0,108901.75,2108898.893,252571428.6,2.362544554,,,,10.63345545
ruby,laghos,-p 3 -dim 3 -rs 1 -tf 4,0.1,3020000000.0,12340000000.0,4282000000.0,35088000000.0,108000000.0,78000000.0,2000000.0,0.0,3063273.0,12331415956.0,3904465153.0,105104.0,2209273.0,278000000.0,4.583014,,,,1.416986
ruby,laghos,-p 3 -dim 3 -rs 1 -tf 4,0.2166,4879035714.0,7559000000.0,2704642857.0,20866142857.0,23892857.14,11500000.0,2321428.571,1214285.714,68567.78571,222091570.1,1596638355.0,108902.7321,2108904.321,291035714.3,2.688085107,,,,10.30791489
ruby,laghos,-p 3 -dim 3 -rs 1 -tf 4 -pa,0.1,3022000000.0,12340000000.0,4282000000.0,35086000000.0,108000000.0,78000000.0,2000000.0,0.0,3063572.0,12337010417.0,3908932345.0,105104.0,2209273.0,278000000.0,4.595895,,,,1.404105
ruby,laghos,-p 3 -dim 3 -rs 1 -tf 4 -pa,0.2166,4901214286.0,7596321429.0,2716535714.0,20962750000.0,23892857.14,11500000.0,2321428.571,1214285.714,69201.51786,222080074.5,1614360388.0,108901.75,2108904.304,289285714.3,2.683234393,,,,10.31276561
ruby,laghos,-p 3 -dim 3 -rs 1 -tf 4.5,0.1166,3394000000.0,13868000000.0,4812000000.0,39436000000.0,122000000.0,88000000.0,2000000.0,0.0,3444526.0,13866508850.0,4390802653.0,105104.0,2209580.0,312000000.0,5.489472,,,,1.506528
ruby,laghos,-p 3 -dim 3 -rs 1 -tf 4.5,0.2333,5466178571.0,8473964286.0,3032000000.0,23386000000.0,27285714.29,13142857.14,2821428.571,1535714.286,74227.14286,249751222.7,1820620782.0,108957.75,2108910.786,328857142.9,3.050157232,,,,10.94784277
ruby,laghos,-p 3 -dim 3 -rs 1 -tf 4.5 -pa,0.1166,3390000000.0,13868000000.0,4812000000.0,39434000000.0,122000000.0,88000000.0,2000000.0,0.0,3442470.0,13859987077.0,4393456516.0,105104.0,2209580.0,312000000.0,5.172541,,,,1.823459
ruby,laghos,-p 3 -dim 3 -rs 1 -tf 4.5 -pa,0.2333,5463928571.0,8469892857.0,3031321429.0,23376928571.0,27107142.86,12928571.43,2785714.286,1500000.0,75288.41071,249683818.9,1809386456.0,108901.75,2108909.786,330392857.1,3.037849875,,,,10.96015013
ruby,laghos,-p 3 -dim 3 -rs 1 -tf 5,0.1166,3768000000.0,15398000000.0,5342000000.0,43782000000.0,136000000.0,98000000.0,2000000.0,2000000.0,3822085.0,15390065284.0,4878178039.0,105104.0,2209883.0,340000000.0,5.767648,,,,1.228352
ruby,laghos,-p 3 -dim 3 -rs 1 -tf 5,0.25,6099035714.0,9453107143.0,3380321429.0,26085678571.0,30214285.71,14678571.43,3214285.714,1714285.714,79103.91071,277263563.5,2002539376.0,108901.75,2108915.196,361285714.3,3.357629946,,,,11.64237005
ruby,laghos,-p 3 -dim 3 -rs 1 -tf 5 -pa,0.1166,3770000000.0,15400000000.0,5344000000.0,43790000000.0,134000000.0,98000000.0,2000000.0,2000000.0,3822664.0,15396553981.0,4871317373.0,105104.0,2209883.0,340000000.0,6.017222,,,,0.978778
ruby,laghos,-p 3 -dim 3 -rs 1 -tf 5 -pa,0.25,6060821429.0,9394107143.0,3362142857.0,25929428571.0,30107142.86,14571428.57,3214285.714,1714285.714,80571.89286,277295370.0,2012995889.0,108957.75,2108916.196,363107142.9,3.347889,,,,11.652111
ruby,laghos,-p 3 -dim 3 -rs 1 -tf 5.5,0.1166,4146000000.0,16936000000.0,5876000000.0,48150000000.0,148000000.0,108000000.0,2000000.0,2000000.0,4203273.0,16927680827.0,5368520709.0,105104.0,2210251.0,394000000.0,6.519141,,,,0.476859
ruby,laghos,-p 3 -dim 3 -rs 1 -tf 5.5,0.2333,6648642857.0,10303250000.0,3688678571.0,28442250000.0,33392857.14,16142857.14,3500000.0,1928571.429,85818.55357,304836778.6,2194081968.0,108901.75,2108921.768,396928571.4,4.444943232,,,,9.553056768
ruby,laghos,-p 3 -dim 3 -rs 1 -tf 5.5 -pa,0.1333,4142000000.0,16932000000.0,5874000000.0,48142000000.0,148000000.0,108000000.0,2000000.0,2000000.0,4198983.0,16924148890.0,5357886935.0,105104.0,2210251.0,370000000.0,6.323946,,,,1.674054
ruby,laghos,-p 3 -dim 3 -rs 1 -tf 5.5 -pa,0.25,6656035714.0,10321071429.0,3693071429.0,28481178571.0,33321428.57,16142857.14,3500000.0,1892857.143,85717.30357,304881024.8,2202236221.0,108957.75,2108922.768,389607142.9,4.0124185,,,,10.9875815
ruby,laghos,-p 3 -dim 3 -rs 2 -tf 3,1.0833,33342000000.0,163032000000.0,56358000000.0,453018000000.0,2352000000.0,1078000000.0,50000000.0,52000000.0,31220045.0,169307000000.0,51138474546.0,105104.0,2210562.0,3718000000.0,59.306603,,,,5.691397
ruby,laghos,-p 3 -dim 3 -rs 2 -tf 3,0.3166,10987964286.0,18616714286.0,6809392857.0,52198928571.0,105107142.9,66428571.43,10535714.29,8428571.429,543203.5536,3036117596.0,4054363409.0,108957.75,2108925.107,647428571.4,7.603417714,,,,11.39258229
ruby,laghos,-p 3 -dim 3 -rs 2 -tf 3 -pa,1.0833,33330000000.0,163020000000.0,56352000000.0,453004000000.0,2370000000.0,1078000000.0,86000000.0,66000000.0,31287617.0,169305000000.0,51174939331.0,105104.0,2210562.0,3720000000.0,59.622303,,,,5.375697
ruby,laghos,-p 3 -dim 3 -rs 2 -tf 3 -pa,0.3166,11001071429.0,18630107143.0,6814678571.0,52244607143.0,105107142.9,66571428.57,10535714.29,8428571.429,543229.1786,3036356926.0,4071027745.0,108901.75,2108924.107,650107142.9,7.623797339,,,,11.37220266
ruby,laghos,-p 3 -dim 3 -rs 2 -tf 3.5,1.2833,38850000000.0,190028000000.0,65688000000.0,528034000000.0,2754000000.0,1256000000.0,56000000.0,40000000.0,36363976.0,197369000000.0,59689602015.0,105104.0,2211175.0,4294000000.0,69.168447,,,,7.829553
ruby,laghos,-p 3 -dim 3 -rs 2 -tf 3.5,0.35,12797464286.0,21625392857.0,7936321429.0,60767642857.0,122428571.4,77821428.57,12678571.43,9964285.714,628929.0714,3539582575.0,4739259447.0,108957.75,2108936.036,756392857.1,8.538961268,,,,12.46103873
ruby,laghos,-p 3 -dim 3 -rs 2 -tf 3.5 -pa,1.2666,38854000000.0,190034000000.0,65690000000.0,528042000000.0,2758000000.0,1256000000.0,54000000.0,44000000.0,36321693.0,197363000000.0,59664938765.0,105104.0,2211174.0,4346000000.0,70.1722,,,,5.8238
ruby,laghos,-p 3 -dim 3 -rs 2 -tf 3.5 -pa,0.35,12892107143.0,21814250000.0,7976357143.0,61178178571.0,122785714.3,77642857.14,12678571.43,9928571.429,629578.3929,3538296570.0,4702443747.0,108957.7679,2108936.036,756857142.9,8.5850275,,,,12.4149725
ruby,laghos,-p 3 -dim 3 -rs 2 -tf 4,1.45,44194000000.0,216406000000.0,74794000000.0,601350000000.0,3138000000.0,1430000000.0,70000000.0,70000000.0,41297897.0,224797000000.0,67941394440.0,105104.0,2211782.0,4888000000.0,78.99808,,,,8.00192
ruby,laghos,-p 3 -dim 3 -rs 2 -tf 4,0.3833,14562000000.0,24664071429.0,9025142857.0,69181714286.0,139928571.4,88500000.0,14571428.57,11392857.14,713098.9107,4032528116.0,5466853524.0,108901.75,2108945.893,862392857.1,9.700220679,,,,13.29777932
ruby,laghos,-p 3 -dim 3 -rs 2 -tf 4 -pa,1.4333,44242000000.0,216434000000.0,74818000000.0,601400000000.0,3130000000.0,1430000000.0,70000000.0,106000000.0,41418494.0,224798000000.0,67922355787.0,105104.0,2211782.0,4834000000.0,79.553482,,,,6.444518
ruby,laghos,-p 3 -dim 3 -rs 2 -tf 4 -pa,0.3666,14578642857.0,24700750000.0,9035000000.0,69266428571.0,139928571.4,88928571.43,14571428.57,11428571.43,713757.3571,4031003682.0,5409707162.0,108901.75,2108945.893,859178571.4,9.933450964,,,,12.06254904
ruby,laghos,-p 3 -dim 3 -rs 2 -tf 4.5,1.6166,49730000000.0,243350000000.0,84120000000.0,676190000000.0,3534000000.0,1608000000.0,74000000.0,48000000.0,46433883.0,252773000000.0,76527471407.0,105104.0,2212456.0,5526000000.0,88.340469,,,,8.655531
ruby,laghos,-p 3 -dim 3 -rs 2 -tf 4.5,0.4,16472642857.0,27894214286.0,10199464286.0,78215428571.0,157678571.4,99892857.14,16571428.57,13107142.86,799621.9464,4534444056.0,6120324125.0,108901.75,2108957.929,970035714.3,10.8865595,,,,13.1134405
ruby,laghos,-p 3 -dim 3 -rs 2 -tf 4.5 -pa,1.6333,49754000000.0,243368000000.0,84132000000.0,676216000000.0,3516000000.0,1614000000.0,72000000.0,50000000.0,46501993.0,252769000000.0,76451475030.0,105104.0,2212455.0,5466000000.0,88.761424,,,,9.236576
ruby,laghos,-p 3 -dim 3 -rs 2 -tf 4.5 -pa,0.4166,16495142857.0,27919785714.0,10209928571.0,78302071429.0,157857142.9,99714285.71,16607142.86,13000000.0,798720.7857,4535665937.0,6067261352.0,108957.75,2108958.929,981535714.3,10.91568475,,,,14.08031525
ruby,laghos,-p 3 -dim 3 -rs 2 -tf 5,1.8,55260000000.0,270324000000.0,93452000000.0,751122000000.0,3914000000.0,1788000000.0,86000000.0,76000000.0,51560532.0,280784000000.0,84904167916.0,105104.0,2213063.0,6208000000.0,98.808336,,,,9.191664
ruby,laghos,-p 3 -dim 3 -rs 2 -tf 5,0.4333,18144250000.0,30750035714.0,11254857143.0,86248142857.0,174785714.3,111285714.3,18535714.29,14464285.71,884459.4286,5040048806.0,6740411719.0,108901.75,2108968.804,1092285714.0,12.11433736,,,,13.88366264
ruby,laghos,-p 3 -dim 3 -rs 2 -tf 5 -pa,1.8,55182000000.0,270272000000.0,93416000000.0,751036000000.0,3932000000.0,1786000000.0,88000000.0,74000000.0,51523216.0,280788000000.0,84849543130.0,105104.0,2213063.0,5940000000.0,96.785709,,,,11.214291
ruby,laghos,-p 3 -dim 3 -rs 2 -tf 5 -pa,0.4666,18131928571.0,30729321429.0,11247500000.0,86193821429.0,175178571.4,111107142.9,18607142.86,14428571.43,884515.8214,5037974563.0,6713470434.0,108901.75,2108968.804,1083285714.0,12.1165957,,,,15.8794043
ruby,laghos,-p 3 -dim 3 -rs 2 -tf 5.5,2.0,60694000000.0,297238000000.0,102738000000.0,825952000000.0,4290000000.0,1968000000.0,92000000.0,78000000.0,56660660.0,308800000000.0,93341367017.0,105104.0,2213737.0,6720000000.0,109.128632,,,,10.871368
ruby,laghos,-p 3 -dim 3 -rs 2 -tf 5.5,0.4666,20060142857.0,33972607143.0,12426464286.0,95275642857.0,192678571.4,122250000.0,20250000.0,16035714.29,970212.0714,5541421144.0,7392859768.0,108901.75,2108980.821,1187607143.0,14.06038425,,,,13.93561575
ruby,laghos,-p 3 -dim 3 -rs 2 -tf 5.5 -pa,1.95,60720000000.0,297254000000.0,102750000000.0,825980000000.0,4308000000.0,1966000000.0,108000000.0,102000000.0,56536720.0,308799000000.0,93359245753.0,105105.0,2213737.0,6850000000.0,108.957721,,,,8.042279
ruby,laghos,-p 3 -dim 3 -rs 2 -tf 5.5 -pa,0.4666,20122678571.0,34069642857.0,12459321429.0,95543821429.0,192714285.7,122107142.9,20357142.86,16000000.0,970329.0714,5540870986.0,7378344595.0,108901.75,2108980.821,1181750000.0,13.28077155,,,,14.71522845
