machine,core,Basic_DAXPY,Basic_DAXPY_ATOMIC,Basic_IF_QUAD,Basic_INDEXLIST,Basic_INDEXLIST_3LOOP,Basic_INIT3,Basic_INIT_VIEW1D,Basic_INIT_VIEW1D_OFFSET,Basic_MAT_MAT_SHARED,Basic_MULADDSUB,Basic_NESTED_INIT,Basic_PI_ATOMIC,Basic_PI_REDUCE,Basic_REDUCE3_INT,Basic_REDUCE_STRUCT,Basic_TRAP_INT,Lcals_DIFF_PREDICT,Lcals_EOS,Lcals_FIRST_DIFF,Lcals_FIRST_MIN,Lcals_FIRST_SUM,Lcals_GEN_LIN_RECUR,Lcals_HYDRO_1D,Lcals_HYDRO_2D,Lcals_INT_PREDICT,Lcals_PLANCKIAN,Lcals_TRIDIAG_ELIM,Polybench_2MM,Polybench_3MM,Polybench_ADI,Polybench_ATAX,Polybench_FDTD_2D,Polybench_FLOYD_WARSHALL,Polybench_GEMM,Polybench_GEMVER,Polybench_GESUMMV,Polybench_HEAT_3D,Polybench_JACOBI_1D,Polybench_JACOBI_2D,Polybench_MVT,Stream_ADD,Stream_COPY,Stream_DOT,Stream_MUL,Stream_TRIAD,Apps_CONVECTION3DPA,Apps_DEL_DOT_VEC_2D,Apps_DIFFUSION3DPA,Apps_ENERGY,Apps_FIR,Apps_HALOEXCHANGE,Apps_HALOEXCHANGE_FUSED,Apps_LTIMES,Apps_LTIMES_NOVIEW,Apps_MASS3DPA,Apps_NODAL_ACCUMULATION_3D,Apps_PRESSURE,Apps_VOL3D,Algorithm_SCAN,Algorithm_SORT,Algorithm_SORTPAIRS,Algorithm_REDUCE_SUM,Algorithm_MEMSET,Algorithm_MEMCPY
boraxo,0.2784313725490196,0.014086011784913009,0.12256756588018934,0.014149068815565123,0.017263745980461452,0.010060602046560917,0.021602173920831733,0.025227252612314188,0.020963033,0.031093147627899866,0.021655863384563025,0.021022250882008223,0.031638888,0.006465749,0.19396092362344583,0.043322059,0.007497613,0.12996817419175236,0.025075622999274447,0.013961121,0.028380945,0.014318266532215209,0.13516665665027208,0.020585043950892043,0.063015297,0.079808549,0.004154563,0.024103586,0.020134242035457873,0.019801434521778023,0.011493177925222975,0.024813529,0.017980866,0.012685926865031344,0.020402249338383315,0.036071872,0.03860701,0.023017688272669066,0.017896322383517606,0.016508471892066563,0.020546932903885505,0.019779599946120687,0.013116212390095285,0.008909221,0.012819517769473269,0.019268094771906035,0.008341627,0.020653520758082942,0.015993658,0.043685924,0.025220073388864908,0.2655675796398189,0.14954979582770933,0.014306497,0.016341548,0.010857030231105035,0.12427866805784499,0.022963486,0.023800395215383296,0.013488099905117411,,,0.011804185227635263,0.038168645695900755,0.016915838
boraxo,0.13725490196078433,0.037608583098429495,0.24008965378228012,0.026282003,0.036064936773538205,0.019659237672616483,0.032499095393852984,0.033401353,0.025381745,0.045725696,0.033218702,0.025420005688934426,0.028096072250907374,0.010206005962857864,0.1021669626998224,0.038152153,0.013227495309759089,0.12228985310972505,0.036114563181955564,0.038734604,0.024495769282142713,0.038010504909969905,0.14503480858669965,0.033751469924866204,0.063240256,0.076008552,0.00653552,0.034137892210336064,0.040630304928896084,0.039946818549812996,0.027616441233026853,0.045997795,0.033424627241444745,0.027250331354808963,0.040992542,0.048690724663984594,0.051541385,0.049879482,0.038710993582270876,0.035496243957218225,0.042188651,0.032700111,0.03679214,0.022617128921527112,0.036112519,0.032040571,0.023959709873810416,0.040477657124241215,0.034242626,0.049545024141453405,0.049065002,0.1773293,0.054075757316885645,0.033446453,0.03747078,0.025681132922088536,0.2500961348656804,0.035671076,0.055917467,0.030441971057969287,,,0.011237017168649784,0.045020022,0.040016281
boraxo,0.12156862745098039,0.043408585,0.26894796834111967,0.029925672668954795,0.040466159,0.022000529853959006,0.042026121,0.034567402,0.025548523362553446,0.044180259973864835,0.042983865,0.026547368,0.025762162708279322,0.011530586587161896,0.07687389,0.03522546,0.014446619301441952,0.11851188640017253,0.042975605,0.044528694,0.023758225,0.043833006,0.10563354341913181,0.038534475,0.063747047,0.084904375,0.008249916,0.040627104,0.045040419169595676,0.044187491,0.032891325891069946,0.051892669,0.038519754,0.031346244965647946,0.045666195,0.052905411536949096,0.060469373,0.055958479042506046,0.044595855,0.039242289,0.047057162,0.036899435,0.042706073448545864,0.026209526751328975,0.041975402,0.036349607,0.028563249573099074,0.045687272,0.039251811,0.057273538,0.054934103,0.13459417023666917,0.045350243,0.037610143,0.042078909,0.029434336,0.28127715809955467,0.043638532,0.058081553,0.033720249762793524,,,0.010610769103519987,0.044209892831516336,0.044503345444437827
boraxo,0.066666667,0.034606881928978234,0.22946355786022507,0.025911027,0.054716208,0.020353015200185447,0.038270662,0.028085433489734867,0.026598428957208656,0.043684462,0.034897928,0.023696943612532932,0.013667256191127578,0.009855778,0.057264653641207815,0.028618495995513575,0.013550337403852884,0.1341860342635297,0.036446456116424414,0.035484021026189694,0.044304937,0.034838386,0.14704248179116397,0.032701325675500444,0.063907006,0.080322904,0.007586944,0.03345415,0.011137076042764135,0.010081983843179189,0.051396901,0.019939519,0.031953614924985094,0.025958527824199468,0.007393498,0.034589673,0.061020368139411085,0.041297776,0.03619636,0.033610424,0.015252551,0.031373649,0.034728096,0.020770019280685934,0.033895842,0.030654562887778354,0.028693067395421754,0.045345133,0.039900158663418506,0.049897550722318544,0.048570294,0.079159307,0.018130737122511547,0.051539725,0.051429326,0.027924667558489154,0.22063336213106644,0.036973106,0.053289892585252754,0.055429614,,,0.014557313513960602,0.045575539,0.03766355
boraxo,0.058823529411764705,0.041035577,0.2574745674731227,0.029858703170917614,0.061846586,0.023240719,0.044167619,0.030731324189382642,0.023648108077503463,0.053634052,0.045237012,0.028892936,0.013543804,0.010021911706598658,0.056980461811722914,0.031597763796638687,0.014550471,0.12206163021370188,0.043943283,0.041852868358892445,0.049769735,0.041232458,0.14421436893806183,0.038448025340895114,0.064812934,0.084401951,0.008445488,0.04007683,0.01196487,0.011078988002593637,0.059629987,0.020575818699699953,0.037582907867861406,0.031252361,0.00848868,0.033178055,0.065484362,0.046773414,0.04238769,0.038997138,0.016079113574135037,0.03625804,0.041158041,0.024935669,0.040150097733066256,0.035454907941669764,0.035363706,0.050199094932504046,0.044789517,0.05759779,0.054707542,0.072015918,0.013956664,0.057453763522500326,0.057620929,0.03189174,0.24844261517597807,0.044027074,0.05883813,0.063207713,,,0.015455329607354278,0.040089808578108004,0.043272381
boraxo,0.027450980392156862,0.11530353958300801,0.5021583978622943,0.070582326,0.12813416921377677,0.056869888,0.1282212039680862,0.074420395,0.073092754,0.095491005,0.1289326182771246,0.073720846,0.010949146,0.020928373864003737,0.057833037300177616,0.090096563,0.028979029,0.16277358533153763,0.13424286821379833,0.12875750104665767,0.11032968819870728,0.12865743304505597,0.1404242944742459,0.12092397177300925,0.10905663673313522,0.13202221403997053,0.021376576912794546,0.11864751791188002,0.023979565,0.022256329713209365,0.11917301621678383,0.033111128488532156,0.12472301786880274,0.11480739801635323,0.017011375127012927,0.027536626435564704,0.12573894040848344,0.092726444,0.11747358668842724,0.10926897137537073,0.031997293690423145,0.11309919686153017,0.12443491195283211,0.066268639,0.12041561461190534,0.11194961137478013,0.089604255,0.1021366250741538,0.096674488,0.1260186273601534,0.1129181896266173,0.041496626263036435,0.003527051,0.12010434306307087,0.1201752186845725,0.076443725,0.49905916011454154,0.12307330082065313,0.11489134984967844,0.1466703028856807,,,0.029055547,0.11059417170103929,0.12003891436853496
boraxo,0.011764705882352941,0.22797930654744783,1,0.1230035819869674,0.25749370489014534,0.11906315196873862,0.19599322172344488,0.1609939388988019,0.16007060092017517,0.18502972346518268,0.19359197950375795,0.15281192710419833,0.0114305,0.045520672437946774,0.13882770870337477,0.19652652424598235,0.059987673301861874,0.22627271883691588,0.22306499418981474,0.2557152677634605,0.23807587997189206,0.25607154607479543,0.23838773528026194,0.20828599833528588,0.1973058806084747,0.21774352573813424,0.035574399,0.19612809613249535,0.048669756,0.044624298,0.24851843830599912,0.074532711,0.2176097133132218,0.2296660199645274,0.033759734,0.067384575,0.25883693347902015,0.1847333214303305,0.2373532082510155,0.2203073860309762,0.07030931,0.19877308812634698,0.2529435057782006,0.133184639,0.24064682721201222,0.19384922820567324,0.1800306902646619,0.20257535945917876,0.19971690936927278,0.2176304197953902,0.2261590149430512,0.05681549,0.006097312,0.24514044147853686,0.24597220622412547,0.16066224110239324,1,0.21026148364770358,0.23180024071899893,0.3046072031226031,,,0.063428295,0.23986760178691294,0.24714594873627568
catalyst,0.1843137254901961,0.034931501,0.15963046801557615,0.070885451,0.024221257430983266,0.035862834056363216,0.13217146675169367,0.054323385403224456,0.053983364,0.047216344190078294,0.13838955293717298,0.059368945,0.017844531,0.046315421,0.10451154529307283,0.040693293,0.047033352,0.2606641537068665,0.070602604,0.034139647,0.025361077,0.033825423631419944,0.2642253805099055,0.031852343622715044,0.10494492325004622,0.15390749099132983,0.034052883,0.054966301,0.047449016984925554,0.046599753,0.038712567,0.052981019,0.038745373670000166,0.031313029,0.046945526,0.067737479,0.05735952,0.053868270698911494,0.034964046,0.038734191,0.048532933,0.029867764176993532,0.031913593,0.016418476,0.032038611,0.029521966931301075,0.032893839,0.041700394491066696,0.042996395569406945,0.14450551830431105,0.055017272,0.19948361859514477,0.047609992,0.025143478490767618,0.025185822599551454,0.037611705,0.1723095696490693,0.090066872,0.047173653,0.025902378882658082,,,0.014072857463577174,0.06316691,0.035946155
catalyst,0.090196078,0.064249965,0.30800248304944167,0.090232587,0.046675601,0.068332947,0.13957401111322085,0.095196981,0.094753057,0.087386282,0.14530081769011538,0.10521550189953817,0.012157983479504442,0.093196595,0.076305506,0.048194038,0.094195389,0.26883453338449537,0.082970763,0.062109958,0.042266526513853646,0.061749018,0.2614720998175723,0.057473092478085526,0.11159719528023838,0.15582074594075435,0.066935922,0.068397322,0.093742595,0.093300653,0.075026415,0.096124038,0.062274847,0.057362,0.093144885,0.13210220111517795,0.076485585,0.085491522,0.062720111,0.072080069,0.094135125,0.054538595,0.061245448,0.030042933155306678,0.058693784,0.050498782,0.066862836,0.081705032,0.077654135,0.16258393561637408,0.108295179,0.10594955298831205,0.020299858784237023,0.054595040179400645,0.054527160251241644,0.077840168,0.3451164770032583,0.09330508,0.091700988,0.058327226,,,0.01935461,0.093535171,0.061895686
catalyst,0.058823529411764705,0.094871015,0.46890658418375997,0.13800474954729502,0.069945325,0.10201841242507534,0.19491754649317336,0.1401294660623514,0.13950512890575956,0.11896546393178603,0.19488706452847843,0.14172446197126046,0.013465293118794469,0.14041901648766122,0.079928952,0.062459473,0.14149965796799122,0.22459992024738357,0.15106563985745897,0.095277894,0.064143142,0.093811419,0.14583780032220478,0.095805297,0.15043529218200616,0.19634973624390237,0.10186888051975548,0.14728452990681873,0.14086583309878123,0.13912976159367868,0.12174729118675884,0.13754026413918027,0.1023679637573644,0.088991257,0.1390595993974459,0.14468072234489854,0.10153251337797327,0.11745185440575286,0.09634079,0.10903041946743537,0.13882426613795829,0.091523269,0.090225631,0.043258859,0.088851495,0.090189288,0.10704644482243252,0.12344668253356303,0.11495983130109351,0.18197801100412322,0.1626657451235408,0.091919951,0.011100405818891712,0.083972032,0.08398775,0.1220566712655632,0.5162115428492323,0.16201523474104315,0.13216143281764486,0.082195594,,,0.024329147,0.13080110177533968,0.090207874
catalyst,0.043137254901960784,0.066978411,0.2938105711548856,0.096493354,0.071807087,0.097478226,0.13826994522206737,0.091591762,0.091087003,0.093738354,0.14008906572605578,0.098098377,0.010042718,0.091005424,0.069271758,0.050244475210739374,0.092919825,0.2956504728728247,0.084250568,0.064039944,0.051541003,0.062631292,0.25440259314762287,0.062475547,0.11053994105376051,0.16737749517709288,0.09318745,0.071471552,0.093587586,0.092429651,0.099479567,0.092868628,0.067479048,0.058079855,0.093469363,0.1057200762273511,0.082957443,0.08854141,0.06890101,0.076740729,0.093131207,0.057873956,0.058593040134432076,0.030365523443221618,0.058084982,0.058337483599338234,0.074269109,0.09345583,0.091757312,0.14635507969146103,0.11640982475863264,0.065664359,0.007987865,0.073987855,0.073676543,0.081597564,0.31490385231633755,0.10253030786192306,0.089935072,0.066645077,,,0.019047393980928973,0.090410388,0.06156809
catalyst,0.027450980392156862,0.11130948956698253,0.4415100936316561,0.14438095070251886,0.11462148261692995,0.15051991919727123,0.23290921336882492,0.13868675934401714,0.13684959394624188,0.14112611222282917,0.23798348913836595,0.14311095358157142,0.011333547201800128,0.1402888034771364,0.10557726465364123,0.078792871,0.14178412023271722,0.2517032701080673,0.21897933451760637,0.11159696701865375,0.081826787,0.1098489760280782,0.21216817461871462,0.15339698112622016,0.16753213910662526,0.19423067299314534,0.14026561930889458,0.2004885363222133,0.13951497523280915,0.13842504011921844,0.15144251278113577,0.14003190066018725,0.1652703629493162,0.10731325675355524,0.1406522649675857,0.15324621636064817,0.12306801520372808,0.136912494,0.11555931184273498,0.12422255673256273,0.1404412642144203,0.14347839355468747,0.10440134880767825,0.053085096577802804,0.10404181687173822,0.1415393271966285,0.12909550264462202,0.14108070351143995,0.13398874270742056,0.2019432877374892,0.1757274717837165,0.045178297,0.007099416,0.11334224551803429,0.11246112462479757,0.12848953506413993,0.47390579295882607,0.20987076554265374,0.13658957183485476,0.10818887885140932,,,0.026975931,0.1386014860079161,0.1051382849881867
catalyst,0.011764705882352941,0.2967924326723153,0.885118828,0.2813397424317859,0.22753112369623152,0.310229493,0.34048927549108465,0.2758212628109076,0.27051623845780803,0.25916344678281933,0.34487741192407484,0.2829768317400842,0.009205621,0.2719700779482022,0.18181172291296624,0.19775328157585742,0.2762354354191641,0.4022410986800691,0.36143058208091106,0.2988732277888904,0.17846834656461066,0.2938791533626339,0.3252291007927168,0.3606211977296935,0.2942340543516015,0.32252381294842425,0.27487130812665184,0.348028444,0.2761616136384953,0.2754521609796042,0.2821661317950031,0.2756504124697517,0.37707521811175515,0.29094521,0.2774837324341547,0.2779727154481382,0.2737978501853771,0.29226976924592424,0.3050553421766288,0.29034086728115616,0.27839517593749213,0.3471463959792564,0.2914474555052757,0.13646690148914653,0.28878951363556554,0.3417672944558135,0.26738144137726716,0.28031343047895174,0.26722214911365666,0.32129037963382956,0.3512183440615675,0.034969105,0.004616812,0.22878463922599576,0.2277842899442363,0.26505579481932207,0.9413269687779593,0.35829430687079783,0.27033800060094554,0.24274602714664756,,,0.049048221,0.2586394463347453,0.2845216113725257
quartz,0.2784313725490196,0.053586838,0.10881268495775072,0.026497011,0.020595641305711343,0.03354969,0.019321849910614163,0.058231876577090114,0.052487895,0.027212471107837137,0.020733139844969356,0.044789189,0.012785225724391442,0.011651819,0.19460035523978686,0.050857854,0.015067469,0.2481821168551386,0.022730136454938737,0.032516681914272275,0.029385631239365127,0.032009006823767394,0.1715032928089395,0.024093468,0.12160759516811459,0.1269989669815213,0.005056169,0.020217739,0.014105877202996582,0.013414577322206885,0.014979688002467632,0.019016135649576923,0.0262018,0.024861935,0.013648792,0.04546417,0.051560063130959385,0.035832143,0.031672659001386626,0.024318497390925994,0.017184846855940468,0.023280177,0.032133458372501554,0.019186337616269512,0.035923714,0.023140125,0.012915208990050627,0.02159956,0.019185114,0.075715912,0.022829701411423597,0.2887810556378969,0.07400122,0.017966503,0.017914179,0.017323442,0.11323341289027551,0.019772440261305882,0.023914563499433987,0.03393615,,,0.023549290449126205,0.11464481633219917,0.047531122
quartz,0.13725490196078433,0.048935331,0.21135531331553103,0.051382347369023966,0.033372496,0.051955492,0.033230393333500516,0.061505973,0.059050728,0.040391799697639216,0.035214664,0.062113633,0.012703579885853555,0.021067567,0.080426288,0.059199804,0.029098683571852683,0.24351633800061692,0.031493592,0.044200999622686366,0.02374661,0.050487437382691874,0.16881515099230157,0.032456939,0.11994198812544052,0.11934528435515553,0.009010674,0.027810854722331378,0.028268911741238297,0.026761515593898423,0.032308874,0.034901122,0.035467907,0.037620776,0.027645308477056506,0.052708793,0.051504029735055426,0.061230944934246176,0.045312481,0.043180495,0.035164507932267816,0.031570435,0.04156468,0.018092146,0.046311327,0.031011925356237632,0.026988792394672806,0.042447267228220134,0.039219714,0.079158761,0.042384292,0.1801616145209429,0.032120828990756724,0.040044498,0.040058406,0.034831399,0.22802869689830468,0.03177369,0.049705235666626345,0.044208469,,,0.023667450461414847,0.10814063838159389,0.065191494
quartz,0.12156862745098039,0.064800585,0.23686186788821287,0.057837855,0.038641113,0.056596682,0.034345029,0.067237189,0.066195748,0.042370652,0.035039281,0.065595499,0.014841289,0.022670534,0.07410302,0.050770228,0.032379030164288246,0.23839411335404892,0.033138232995428445,0.054283543,0.021272641745018667,0.047235990275152566,0.10354716073986905,0.034925193,0.11467602927405939,0.12968673722919716,0.009830642,0.030888812503308737,0.030276267,0.028330635,0.037782284,0.039159185151303184,0.038743132,0.042412855,0.028817082266608507,0.055335410427820975,0.053315776202616766,0.070292875,0.049917784,0.046641597054033916,0.040202710469761475,0.033669307314116374,0.051970713,0.025097898056486927,0.049430748237309426,0.033209885545748344,0.030037847,0.047797721,0.045346925,0.099194423,0.046825193115384564,0.15176063725390668,0.026813166568486677,0.045035231,0.044987024602437885,0.039230404716874306,0.25847909515300826,0.038517476926046165,0.055098409,0.045941355,,,0.022852146376623222,0.13249079925005208,0.057299422
quartz,0.066666667,0.060901045,0.18686284897815025,0.052513779,0.049415465,0.071399477,0.045941005348819716,0.062504913,0.064805515,0.044081534,0.048501883,0.065501676,0.007054303,0.019513991163475707,0.078934281,0.057184417,0.028353663354713156,0.25383100972329853,0.035297596,0.042846288629421164,0.037225671,0.042064898,0.16684780185374382,0.031855114,0.11745982738623599,0.12573429,0.013095261591239802,0.027907414,0.013890571403680333,0.014441081520937005,0.055477348,0.021879482348051413,0.033101886,0.037310631527049436,0.017055594333701594,0.041899836,0.064961384,0.057820889,0.041826905378376064,0.041631807,0.02076589,0.031164235082165943,0.040473204,0.019981604,0.040999448,0.030367535,0.034132101,0.044572654,0.056441596,0.08123181,0.050100304,0.1023287921547926,0.013247241984092613,0.061667617992670495,0.061782542,0.035556879,0.20589780991957998,0.035709530655771544,0.050061941,0.053719454,,,0.02295849,0.11675115154040232,0.055681299
quartz,0.058823529411764705,0.058959492443355986,0.21009862629570766,0.057919804026100495,0.056769194,0.078648541,0.033512971,0.068359913,0.07121757,0.046228545484034926,0.034072058,0.072882398,0.007556247,0.022100290958726967,0.07928952,0.054275249,0.032128432454886766,0.22740630948529464,0.035733257,0.058210706,0.04191808,0.053831943,0.15081821019307085,0.035149076,0.11268237889310256,0.1280203859585049,0.011992701031149803,0.031071119,0.011862232296409864,0.011638973,0.065124727,0.025878313,0.036460038,0.042199316,0.011834349925466591,0.045968319267572125,0.076635008,0.06343967,0.04854466,0.047582607,0.025555576234835856,0.034223359206627155,0.045168904,0.021430769,0.052964661418640466,0.033421924,0.037553966,0.050376921774683434,0.065085168,0.097721752,0.055795899,0.090285533,0.009529278,0.069188969,0.069321824,0.039909755,0.23165490403176808,0.036185502943445996,0.056459908,0.060060111,,,0.023714714466330302,0.1344814017545078,0.067554153
quartz,0.027450980392156862,0.099668395,0.420442525,0.14715049191739843,0.10745132954555885,0.14192303871245487,0.24021054931984362,0.12503210656843136,0.13344632434574755,0.085820234,0.245639477,0.1389127582545396,0.009366252,0.045062682,0.055843694,0.063248103,0.064780637,0.2928501027003032,0.19263049445458788,0.098777607,0.086885065,0.097264747,0.15824714387355301,0.10470520040298939,0.16548313775992102,0.2027576323892554,0.040503176702150756,0.17717680884077758,0.024205583,0.023404387,0.1137078091262888,0.040990956,0.10511574603259985,0.098931901,0.023170372,0.040624338,0.087738959,0.10563863714721962,0.0976544,0.099922256,0.040777472819214795,0.10508096629175645,0.094706513,0.042086511,0.097461693,0.10391542042323923,0.11647321592032515,0.1086479327273943,0.14539260904499168,0.21602359642083252,0.11105980805327359,0.029135281099628447,0.002235978,0.14258162309322409,0.1423573892009459,0.083165942,0.46749808371167745,0.19670389190785437,0.1164306336794166,0.11480793377536119,,,0.020028122082924697,0.13654144388121195,0.091081462
quartz,0.011764705882352941,0.1899043400366532,0.8041280696966293,0.25041393318030225,0.2089701108490061,0.2784746829155214,0.32298022,0.24251769961620656,0.25871864745573286,0.16098515155739673,0.32605319730250604,0.2696510240826593,0.008273024,0.0895192,0.12568383658969806,0.13333099665270498,0.12700562828909495,0.37330394023068064,0.3055506828511827,0.19113416342332004,0.18338724570685222,0.18852748703413003,0.26450803670265455,0.2047055329024879,0.2632258339714775,0.2888083699352847,0.062706001,0.28199551280282803,0.045237199319546756,0.04431451,0.22871998319912326,0.082959927,0.21008356903896352,0.17511589414574488,0.045789305,0.09194168,0.1524855480533064,0.20211298822834067,0.18825359233308386,0.19632502087579146,0.080975804,0.18311020423626076,0.18164818375373265,0.076932802,0.1805879176499147,0.17859072998653816,0.22643556875185153,0.21025676773395965,0.276775121,0.31452650145642813,0.21148267589739325,0.034075758,0.005191778,0.27886958066182466,0.2729400285933043,0.1659712408214272,0.8992647605472766,0.29431666595923833,0.22584815391020696,0.23379183782463198,,,0.04071794,0.2743559475036456,0.17766593205868922
ruby,0.43529411764705883,0.0186389,0.065540375,0.008124458,0.012675888275950693,0.020243733,0.010694056827179027,0.034207189,0.034106546,0.017242267803566382,0.010561585252129298,0.036145583,0.016225496397732398,0.006609433,0.40255772646536414,0.098333363,0.005163216,0.08551236,0.013618316536915472,0.018351397869470158,0.058626077,0.018114333572844064,0.12996717853674045,0.011377025,0.033935728,0.056473333905575414,0.009400024,0.013310974395835215,0.009898272,0.009703236,0.007476718,0.018738692030083885,0.017837425,0.016324906996548788,0.010019931,0.037145709,0.050504768,0.023795744471260406,0.020750248487600167,0.017280916167300674,0.011747047637398308,0.011303079539331896,0.015987364463000895,0.013563115599420085,0.016591226977959284,0.011124781561544696,0.004943063,0.011421462419497787,0.008316188,0.029386339,0.018176577796068433,0.5298222104914083,0.2414960402386925,0.005756087,0.006919309,0.007837694,0.061467992,0.010333532501615294,0.012455703,0.014919861141886401,,,0.018078481880162114,0.055528551,0.020648440447118152
ruby,0.21568627450980393,0.015304361403998983,0.097037822,0.010191700188131418,0.016605934,0.021710765970129484,0.015132896495143787,0.015158632752227653,0.014914690554788331,0.024802915,0.015224283989437759,0.019214302,0.010205594148826781,0.004552965,0.1216341030195382,0.033139973011338746,0.005806642,0.085728545,0.024130181,0.014906989605784786,0.015534893985237497,0.014669650634703428,0.11997340162575776,0.024147776,0.028534185,0.059882593,0.013479228979131194,0.023598421950133806,0.016185864240309985,0.015876471750964283,0.008155973,0.024060467712097074,0.020890018,0.013083072411430618,0.016446307620001484,0.034866955039979025,0.040446773,0.03574364,0.017670229344851705,0.016062962,0.018610257,0.023883161873653014,0.012512143083097949,0.008829508,0.013182817255404492,0.023553341390796807,0.005295901,0.017271254219830966,0.013786492318786155,0.032269717726071206,0.025317581064009484,0.19719610988163158,0.065323247,0.010989510105522618,0.012354746691781798,0.010538322507055602,0.099454082,0.020209595,0.021652781872121298,0.011794985426715983,,,0.007999433,0.027359211,0.017144162
ruby,0.12156862745098039,0.036466252,0.16293584920469284,0.019020219,0.029604608968887017,0.038000463622214126,0.022380493,0.016914513901912034,0.016837260940311696,0.027494544,0.022927389510400267,0.023348459,0.008326215,0.006344517,0.056412078,0.026690734477138496,0.009518198,0.090084844,0.03380449,0.036964847808221304,0.01293897,0.036395969,0.077014313,0.03435274,0.041396428694753136,0.079976576,0.022617293962920237,0.032381935,0.027975574,0.027372863,0.017357077697492337,0.039317724,0.031651045,0.026678544,0.028403110733221305,0.045927987,0.059927716919283905,0.032626797763877266,0.037875032,0.029887575,0.032495421059949355,0.033375181,0.034472334,0.020942836,0.03538537,0.032698924,0.014716015,0.029273854759570995,0.027913206937539247,0.053961833282599986,0.042668211494147394,0.1200299135754844,0.030236961684545823,0.021513978,0.024144402962320535,0.021370192,0.17466743745465638,0.030571062,0.032079584,0.023607015630060166,,,0.006935993,0.029396106751845938,0.036512002
ruby,0.10588235294117647,0.010535745104001445,0.091583854,0.009598668,0.024605236,0.028784316322813523,0.014720897655905733,0.010767382573513982,0.010421513094895217,0.024977041,0.014784517876950561,0.013069657,0.00807952,0.003120622,0.047175843694493784,0.015316941518725577,0.005330281,0.089333965,0.023204504520085285,0.010767394,0.013583595151951587,0.010552710412207626,0.11885479652825301,0.022823873907323523,0.035261612,0.062953478,0.014081196542858117,0.022658929022800603,0.004385947,0.003822722,0.018364474,0.010539644,0.017640194421658317,0.009708216,0.003512999,0.031847102,0.056434969,0.024412187,0.015031965935724544,0.0133951,0.00512688,0.022243105132004306,0.009845713,0.005588659,0.009899911,0.02217354,0.007669238,0.017399289546200125,0.016388443996520743,0.032115713,0.021900511,0.088671418,0.027253676549789142,0.017443839000389115,0.017185118,0.010450258530673523,0.089426575,0.019982129272186854,0.020010121785183004,0.019754896112086452,,,0.006735121,0.019790292340809666,0.013679591796215773
ruby,0.058823529411764705,0.052719816569554816,0.15999971459201823,0.030679079521873036,0.047133009628534984,0.059125079,0.054720611048017564,0.016247935122141118,0.014659291,0.036632631640044204,0.056144782521914675,0.021987284784781055,0.007073061,0.006093071,0.019182948490230903,0.035751214,0.009771053,0.094816331,0.044399533,0.054286128,0.023334282,0.053282237711599595,0.097477613,0.044532212,0.057357311,0.071240825,0.026361873,0.041429028392818396,0.007220723,0.006308681,0.03724085,0.00886427,0.041405,0.037081645,0.006157049,0.021859907034897208,0.057041997030230024,0.038758896468502196,0.053167143190212665,0.040836567,0.009028695,0.042591489594558184,0.053243352994097284,0.032858748,0.051972743731294894,0.041872434527937624,0.027974076379480788,0.033621365,0.036486167,0.069156571,0.038343459,0.046870241,0.011971768733002666,0.0338193,0.033624235196866935,0.023072761812105023,0.15791753935761402,0.049958951,0.036436723,0.045901583459748756,,,0.007987617,0.023169687290234477,0.052464908
ruby,0.027450980392156862,0.079811146,0.3179730325133206,0.051269557,0.085174443,0.10621750505017055,0.093534484,0.060647528,0.060318492,0.061609672507571225,0.094323941,0.05806883,0.006843203,0.012477998491325122,0.025648312611012428,0.058323548,0.018799343,0.14749067671850583,0.092897079,0.085098696,0.060803865,0.083978766,0.095097718,0.080612287,0.083410859,0.11419510560683455,0.051021909,0.082541537,0.013682772443324848,0.012242835153279275,0.072087903,0.018431255,0.078922164,0.06727391,0.011200596032680928,0.014690906157677687,0.088299293,0.058234928335713934,0.081008492,0.066197455,0.019738981258368267,0.076847471,0.08118254,0.048263057,0.079996345,0.074835631,0.064113361,0.062839738,0.072208439,0.10845185485530169,0.072413788,0.013525403,0.002224835,0.072675432,0.072361387,0.051202912,0.3177020178067407,0.090296151,0.072761549,0.092996301,,,0.019224633999361935,0.089600259,0.078325094
ruby,0.011764705882352941,0.16314173946630944,0.6287439729861347,0.09564478,0.16713325439586835,0.21059211179918536,0.15897781296685737,0.12074607309590253,0.1199797157746777,0.11959958622028943,0.15500184871914846,0.11547792261559929,0.007247318,0.028377456086784728,0.11936056838365897,0.13392685,0.039054862837262755,0.19752666571364796,0.17998150293968193,0.17610777731259658,0.13903584930862464,0.17458552185624374,0.18514678541587098,0.15859283995579976,0.1489829640899184,0.20187209328915798,0.10250404152589358,0.15777367,0.02704319,0.027047861832443756,0.15465502418407462,0.038240086,0.16244338955902504,0.14268554268554268,0.023034218745729827,0.038587576,0.18131473024589323,0.12091193419691672,0.16322813002343764,0.14011635254332727,0.041052264,0.14982710213496767,0.16869182257300996,0.096861471,0.16379357323209387,0.14680150247386886,0.13122251773344737,0.1274278698762752,0.14599174265499637,0.1971062741309257,0.14660278957987097,0.022330281065789565,0.004324129,0.1504948025060774,0.15003218440648566,0.11551477587718008,0.6382765454000108,0.17513784875762886,0.1462007237474007,0.1988443641446079,,,0.040493436,0.17739508830405296,0.16557468183532867
mammoth,1,0.05004068,0.031187065,0.006692544,0.012460187063434514,0.03125476,0.010251158074998119,0.075321545,0.072832431,0.017363233817540943,0.009343721,0.074870547,0.00936893,0.010960343403139481,0.42287744227353463,0.10395892115455388,0.008798011,0.003429363,0.019878987,0.049570224,0.059218435,0.048031308,0.084188895,0.024557859,0.005315216,0.007389877,0.003166834,0.017914863,0.002211532,0.002016631,0.012759806527403151,0.013837902226297584,0.056176384,0.050266524520255866,0.001908276,0.058355264,0.060441356,0.076654312,0.054063232424870857,0.048042514629050785,0.007638318,0.023973662277747842,0.045396621698932306,0.029110971059042742,0.045352986734614686,0.023631950790515777,0.022634902353696973,0.008231249,0.011201658744194553,0.004146398,0.021080299004417956,1,0.13083889294567463,0.00308311,0.003532831,0.026905642,0.022455822824724348,0.009636625,0.011179403814356692,0.032589612913122776,,,0.043825549,0.13999027845288523,0.059761352
mammoth,0.4980392156862745,0.028617861,0.031027415220450914,0.005388401,0.011393919367521212,0.023239063483127462,0.004834717,0.055389788,0.044904081,0.014198046859955533,0.005593275,0.044541973762396145,0.008765663,0.009819857,0.23602131438721136,0.067822155,0.009213417,0.003785491,0.013490665408273605,0.026663668832343532,0.032260312556259545,0.026319228643245464,0.079375597,0.014864944245375763,0.005307599,0.004054192,0.002964982,0.011792500311300236,0.003374017,0.003172446,0.005260118,0.010263271499470285,0.030245029263358272,0.026087388027686537,0.002933364,0.047546306099196384,0.040306689,0.070706915,0.026927159387922894,0.026528051944727953,0.007257333,0.014696844692887928,0.024783107148546084,0.015007922,0.025180508,0.014778049980063209,0.015618082624050912,0.008294555,0.009433145,0.004190615,0.018998223,0.530255348,0.052851541,0.004182671,0.004479392,0.019877297526240966,0.039214053,0.005332196,0.012621559402439796,0.021186657,,,0.030887027,0.10258546860171748,0.040125479
mammoth,0.24705882352941178,0.009017431,0.040677773,0.001891007,0.013168483,0.017635857866675497,0.000736224,0.025489056534174073,0.018181952455154384,0.01798271,0.001258438,0.019165156319110498,0.006561747,0.005028916,0.099964476,0.04016754,0.006806776,0.001764088,0.00580195,0.007633623,0.010104940386659156,0.007551961,0.07860944,0.005724533,0.00311438,0.001367416,0.001975458,0.004996089,0.002546838,0.002360686,0.006037815,0.003283261,0.012632477023370347,0.007998777,0.002038001,0.037801103078334695,0.018715154231922226,0.030990647933802892,0.008697373,0.008161555,0.002063671,0.006006701,0.007099076,0.004778135,0.007384337,0.006415975,0.006371059,0.006004857,0.004373675,0.002536868,0.011186137850041798,0.23570476248485708,0.027999497833478312,0.005464588,0.005243687,0.00855898,0.040297172096791144,0.000779985,0.009383383,0.013607413341514829,,,0.016247001689688175,0.055898896,0.019923759604502947
mammoth,0.12156862745098039,0.013295009,0.075322734,0.005163701,0.023407406,0.028583965,0.001348848,0.031092774521217562,0.016732024,0.021294358,0.002568574,0.020770567657365305,0.006245997,0.007902583,0.061598579040852565,0.038712956,0.013570656,0.007818766,0.009190881,0.008742305,0.006997962,0.00950822,0.06447159,0.006560215,0.010137351644177586,0.00342351,0.002807986,0.005620554,0.004440427,0.003950804,0.017063390495691496,0.002597686,0.011402773482033328,0.005360024,0.003384306,0.020781028,0.019406232781404385,0.026049876,0.00938056,0.009580868,0.003172688,0.006057213,0.014458962548824731,0.005559389,0.013560978993032907,0.005956214,0.011397339067508597,0.013288644262381372,0.012412764541561146,0.008732252,0.015651415797103736,0.10420008256688255,0.011810570308141562,0.014634602686942338,0.014186208812429282,0.014295718832691023,0.081797953,0.00343266,0.017952252665204633,0.014965313879561608,,,0.012808545332088715,0.028886882855357267,0.024758274266881097
mammoth,0.058823529411764705,0.013744956073668033,0.14875196440962468,0.013264366499389786,0.0469785,0.058898235,0.004021915,0.058221355,0.029679219,0.038318019,0.004715706,0.037871624,0.006161419,0.018431876144976475,0.066216696,0.043584935419989125,0.028238523866609775,0.085225452,0.012324510581455006,0.011527706708429602,0.014402443769491208,0.010492705601652472,0.071179731,0.009721177,0.034848257,0.06999305,0.005839355,0.008065472,0.008156181,0.007409611,0.037523051984275434,0.004727254,0.009142091,0.008763854,0.007373746,0.028630630085604528,0.031864324,0.025379562,0.013264022676794326,0.015843605929044706,0.007037281,0.00771779,0.014714724483820815,0.006840097,0.009560281,0.007695964,0.019642435,0.027844127,0.029394992740854376,0.057486798,0.026053190436791367,0.058663093280273956,0.003564194,0.033069538,0.032852487,0.026859513,0.16566216413682427,0.006522126,0.034148245,0.033816836830353345,,,0.016506953716723186,0.052612087,0.028490877
mammoth,0.027450980392156862,0.024991576334842745,0.29713824984257975,0.056797184,0.094443476,0.12036460575553866,0.087654097,0.11603855387683332,0.058012515170089624,0.072273125,0.090100354,0.073190673,0.006029343,0.041443658177377066,0.1974422735346359,0.052382538,0.058594711,0.17460756947631623,0.047420335,0.023699430928346584,0.036743654,0.021716147752184202,0.2348008320715907,0.022096254,0.10607631730220408,0.1622644348341652,0.016872137065592034,0.041991979,0.015504103,0.015246692,0.082580247,0.010793520888076672,0.026242889609079785,0.021605213955960226,0.014737593023077148,0.045423838,0.056462985,0.045938408,0.028865976,0.034990945825321626,0.015354366,0.023795818460398705,0.021504755152817755,0.014609977132209706,0.021352101604958047,0.023005144261177665,0.057808875,0.059687935,0.091391413,0.15915762991446716,0.05222253,0.033646004642695196,0.005459204,0.071361653,0.071012352,0.057614808,0.33353543,0.075771741,0.070307215,0.07236644,,,0.023147546407344826,0.06550471,0.041515278
mammoth,0.011764705882352941,0.11127045306991229,0.6051621384906557,0.18215439112830387,0.19509945202713247,0.25254329900321226,0.28180989298777975,0.23656614757695205,0.11954953757381956,0.14525306035878627,0.2876698612969828,0.1465928197307734,0.005961562,0.085289522,0.10841918294849023,0.12099332293510454,0.11804958222426913,0.3395525326471599,0.3518098047596576,0.11634801755283682,0.086699227,0.11450036587678979,0.5167940041215848,0.30440162836087725,0.20419834536158904,0.3018375930570022,0.051748576719016615,0.31828007178918977,0.026488034921814847,0.025868468,0.17790061231320511,0.026998799172596708,0.2692729508551894,0.1454946951215608,0.025620022,0.06408744,0.16133882460613191,0.10340066738905582,0.11034935515933886,0.10168250080783715,0.038613082,0.28628750505118533,0.15797169567919378,0.088803564,0.15140726257690526,0.2843472652979322,0.17796691975594245,0.12252269426159892,0.18958085254572937,0.3117435868436599,0.10920859616192582,0.028790124459423794,0.007017703,0.1497057216496942,0.14898060127246981,0.12743276734755496,0.6786608797750189,0.3132376527455656,0.14360950130043926,0.1736465026959155,,,0.037811204,0.094785084,0.136458395
poodle,0.8745098039215686,0.012769044,0.036924658,0.00302332,0.005730615,0.009527437,0,0.027913373229032628,0.027682183,0.003300257,0,0.022742334458709802,0.098634956,0.010668486655411475,0.9736412078152752,0.2395506563151715,0.006179153,0,0.003453992,0.012903609289151456,0.1581423170512158,0.012744411543501706,0.048551339,0.006269832,0,0,0.000411778,0.00420945,0.00320373,0.002919821,0.003022189,0.006012707,0.015363076,0.011900439885514513,0.003124691,0.046084273571493396,0.015483895068127269,0.033132418854356506,0.018929539960487404,0.014408095327981882,0.004630942,0.006395537,0.012516630134589112,0.020696845,0.012570712666987033,0.006246861,0,0.002975399,0,0,0.007608467,0.5028526181146326,0.9999999999999999,0,0,0.004306748,0.031894985,0,0.003853322,0.007022448,,,0.027791234890288428,0.046408814,0.015754362975757934
poodle,0.43529411764705883,0.002987319,0.060621547,0.003960893,0.007957998,0.003800046,0.000672633,0.012305403249215668,0.012198229068968829,0.004457299,0.001042481,0.010834292658445014,0.036198171954305566,0.002096878,0.23509769094138544,0.052645415,0.002937186,0.003264841,0.001526049,0.002715108,0.033822513,0.002661061,0.040124772,0.001699072,0.002682237,0.008411627,0.000526609,0.00125564,0.006548005,0.005946543,0,0.007608811,0.005132481,0.003602723,0.006743394,0.046648920616675235,0.005033667,0.026400808993744772,0.006888322,0.010428697574568968,0.008081706,0.001518513,0.002711862,0.003375054,0.003004927,0.001460997,0.000475999,0.005674099,0.003743515,0.005146527,0.009564356,0.2084949140153899,0.2419083219243972,0.003668819,0.003656149,0.001589345,0.063733571,0.000131328,0.007445363,0.004528229,,,0.006097057,0.022706756475244776,0.005847082
poodle,0.21568627450980393,2.465462972855298e-05,0.051209327132844935,0.002973974,0.011549958542532913,0.001243501,0.001689195,0.007170209,0.006749921,0.005310571,0.003435673,0.005840838,0.011142576219927976,0,0.089591474,0.016771525,0.00193028,0.003394753,0,0,0.014239835533384052,0,0.035429732,0,0.003104224,0.008493155,0.000698857,0,0.001599308,0.001461246,0.006339706,0.000155326,0,0,0.001724831,0.039863073091543404,0.001933152,0.017866817711668228,0.002321672,0.002965202,0,0,0,6.632406498637434e-05,0,0,0.001957253,0.005262252,0.003578753,0.004881831,0.008415773,0.1310140160667032,0.081341319,0.004678897,0.004631844,0,0.055094251,0.000352263,0.007299386,0,,,0.0026586,0.013864777908941509,0.002878869
poodle,0.12156862745098039,0,0.088462204,0.007421278,0.021075997197414036,0.002907574,0.007724083,0.007931483,0.006821925,0.007409846,0.010833821417002325,0.006371011,0.009834892,0.001180897,0.022877442273534637,0,0.003975699,0.023724647821976107,0.004187781,0.000709143,0.013397757167829122,0.00096262,0.039591254,0.002376263,0.021039968475339874,0.017678966225896646,0.000899811,0.003988371,0.002846826,0.002627508,0.020154489312410998,0,0.000224126,0.000946522,0.003070995,0.011696260221623966,0,0.015247900556567998,0.003483735,0.005936403,0.000516739,0.001410123,0.000640527,0,0.000568619,0.001442896,0.008641207,0.010025166054705228,0.010606804659975627,0.015034717,0.014349401546643801,0.061667986,0.032409054745807915,0.011774523534811074,0.01177204,0.00488126,0.097895416,0.00716897,0.013343489198601127,0.003624856,,,0,0.010670555285512579,0.000903369
poodle,0.058823529411764705,0.015088633393874146,0.17856461190757777,0.019271354237803403,0.045369155,0.010510977911713085,0.022850709533653136,0.011654916436273026,0.011601272195102735,0.014624411375578864,0.023333780516136205,0.014691449769836435,0.008041978,0.005428536,0,0.005432782,0.009642368,0.14624673653798403,0.024042884190778314,0.017711515301876746,0.031534383,0.018290788,0.038861930786067256,0.021485009260111033,0.065196328,0.070445762,0.00408997,0.023627501493122687,0.006085171,0.005539555,0.032707566,0.002925477,0.014663803833148803,0.014974756206099489,0.006755311,0.006700142,0.017650519709747008,0.020814350096044924,0.015642755,0.014103156803588398,0.003957649,0.020423626077586205,0.017376668,0.010127030824187049,0.016906636986199576,0.019928517162966078,0.026259815392399327,0.022744764422112554,0.03366168,0.057450102,0.029177738,0.018550477,0.002495233,0.02832624,0.028313469,0.020426648997957753,0.19850824324428254,0.023798251599967058,0.028142766,0.019646945860107838,,,0.00141792,0.019049603,0.017769571
poodle,0.027450980392156862,0.071301189,0.36069682358754274,0.095240319,0.098162409,0.032278041,0.1696857523636194,0.034998790007878866,0.034797046971274684,0.030577279,0.1736873276028493,0.040251445,0.007593644,0.014781421746470779,0.006465364,0.045652897776064204,0.021350473313601584,0.23987731138380816,0.1433662179111828,0.079438475,0.079015988,0.077343658,0.1612097995234781,0.093877354,0.14490273464239212,0.1701037094874975,0.027821487460952848,0.12968171321754707,0.010866676191425886,0.010228011315200876,0.078281585,0.009748019,0.09164205,0.065502203,0.011503186773835883,0.012724724482490901,0.069882984,0.049961059,0.072475857,0.057420024,0.010147566127776786,0.091185997,0.077099884,0.038624271,0.075911978,0.090642844,0.07476508,0.050554037,0.082098423,0.14813305291628517,0.062310272,0.008588309,0.001559985,0.062045210807967266,0.062035952,0.051228073118261525,0.399944754,0.13893420662639042,0.058221848855959955,0.060923713,,,0.007219577,0.052658380205078355,0.075644767
poodle,0.011764705882352941,0.15270872198617697,0.7238303178196259,0.1390974097784279,0.19954809831079945,0.072998973,0.2539887757185797,0.10416206343577106,0.10346124211339965,0.061983962,0.259901772,0.11063339285368566,0.007784571,0.033496174431552866,0.049804618,0.1203273689560295,0.044917946182448674,0.3322363586660748,0.2340784041467675,0.17348673975179998,0.1761627940740913,0.17836531640587458,0.25179083441736566,0.20889724324665812,0.2056232518743157,0.21876361905778238,0.041762733,0.20973471254871756,0.021527353307861152,0.020502983,0.1682269824706477,0.023491655,0.20801563501562156,0.15645901765304748,0.021981684,0.029916210411688196,0.14472492272060813,0.112879716,0.17972801344900793,0.13655986953030272,0.022679575,0.20284034465921336,0.165678207,0.077366243,0.16333724705961358,0.19974648468590633,0.15518888493147945,0.097875894,0.16457558337960568,0.20163136788735514,0.12529449468798262,0.012050027409497895,0.003304939,0.12951704726485866,0.12950192090089235,0.11871862720841388,0.802566545,0.2142611745559436,0.11726218774832314,0.14435789485645456,,,0.030934291217166284,0.15566048654028658,0.16114717970099468
ec2-c5n,0.2784313725490196,0.010264544,0.080758864,0.012086232040498922,0.015391275880321015,0.018879358876709607,0.017464272535440854,0.04724849,0.032115049,0.048286595,0.018000307574513194,0.033764273,0.012199754602981382,0.009105931,0.19317939609236234,0.039431486,0.009427892,0.1322895270770164,0.024899382,0.010534803,0.021452672292137313,0.010764252795181718,0.094165612,0.019643516204363057,0.06441329,0.060519240093445587,0.004297205,0.023732635,0.013502564,0.013256008917362375,0.007081307,0.017556075,0.015493069283260642,0.009361094,0.013631151058791958,0.024173952,0.038840482,0.020164816,0.013941995017977007,0.013921593406769196,0.013150562555491936,0.018856180125269392,0.009289318,0.007620728,0.00906157,0.018307198293762292,0.014992294147213406,0.014233260448038285,0.016606699811593875,0.021472538419983082,0.030290472496382895,0.22892006578279497,0.11505110435778028,0.008416862,0.008266988,0.016925057556098848,0.081571074,0.020981961303307893,0.019496648507661488,0.006800866,,,0.009677305,0.032011666,0.010671669942621162
ec2-c5n,0.13725490196078433,0.034302808,0.15923089684106878,0.022521137247817985,0.030768783598140996,0.036023446,0.030092484782912435,0.078809789,0.049561575,0.064771062,0.030980606445322082,0.048771443,0.010948204679885314,0.016177844031754013,0.15119005328596802,0.031965791,0.018465213199952136,0.1244827992666772,0.032134319,0.034593974353010495,0.013287416,0.033995267756211645,0.10667227584762931,0.029336431,0.041796072823589867,0.065635946,0.008274138,0.030585714,0.0272214,0.026741003729196685,0.017926404284223582,0.031611433248029244,0.028505066,0.024859214224885864,0.027626119452615484,0.033107475,0.053614620980771216,0.043783554154558445,0.034971409,0.029841983856054626,0.027656469470266176,0.028304527545797407,0.033627085637621235,0.021101016844444223,0.03297108,0.027820487161068073,0.04015698,0.029223351936392052,0.037765745,0.027016109141266908,0.060160802,0.13765320555769867,0.040182236,0.021559397,0.021562197,0.042304257,0.1650930457319965,0.032226807,0.042016769,0.020107155,,,0.011189753163734328,0.035992871,0.035013005
ec2-c5n,0.12156862745098039,0.037746238,0.17866539660114772,0.025947155778983037,0.034501485431754284,0.040800410636818225,0.041188688,0.087733403,0.053924899,0.07111554,0.041853038,0.053097714,0.010679882059558762,0.018104098566758868,0.14415630550621672,0.031159636178826167,0.020792836969257756,0.12139752666571364,0.039295135,0.038386752,0.013345490234794678,0.03770743,0.084960093,0.034081752760022926,0.055289013290325456,0.070861687,0.009350682,0.037376160292405994,0.030222972652475918,0.029503576891154074,0.022042947,0.037176374,0.033353654,0.026598186672813537,0.030483572,0.037327202879699935,0.063000215,0.048687386,0.038823273,0.033077931,0.030715299954785363,0.03230233,0.037388357,0.023011025363817078,0.036641505424997105,0.031890592,0.046631228,0.033087885,0.043211442,0.032891452,0.067575687,0.13229650985726757,0.033033791,0.02442151,0.024405944,0.048728734,0.18574089218282544,0.041158543,0.046369363,0.022828637497372267,,,0.011827817,0.036640974,0.038090416
ec2-c5n,0.066666667,0.031227143103689153,0.15107714756127802,0.024921465,0.045699591,0.048173659635063086,0.033119333,0.074571412,0.049925288,0.05979464,0.033074076,0.052464783,0.008121984,0.016317037249901224,0.099396092,0.025218625681288444,0.017774376,0.1339683447319384,0.036159859,0.03163904,0.025448188950770355,0.031180126813556412,0.10647802241475239,0.028889219,0.062329757694799835,0.064852483,0.010068378491367014,0.031921136,0.007914403,0.007072813,0.036267908,0.013880751,0.026808433704336235,0.023431187,0.00662209,0.027697954,0.063112282,0.038434898783431024,0.032199085,0.028865980618307356,0.009818036,0.029083778,0.030888301583704827,0.019117833887175605,0.030465964617932793,0.028800002,0.044654002,0.032677461,0.04232879,0.028217768,0.054119627578038405,0.075088489,0.014349631212175015,0.034575842,0.034603318720483514,0.039683305166839294,0.14840659664630315,0.033917016,0.039679442722453495,0.035674717,,,0.018243906,0.036548388,0.032441877
ec2-c5n,0.058823529411764705,0.035689631,0.17006302164997925,0.028714053461045344,0.051827953041387105,0.054864721661092165,0.043621721,0.083598387,0.055741001952110514,0.071646597,0.044526973,0.059501488505225034,0.007918582,0.017363231437910846,0.10024866785079928,0.027251537827938523,0.019833341,0.12046256517519242,0.044131054060664754,0.036168354240643394,0.028886192,0.035547765100490264,0.1063349495270646,0.034487956,0.056189355,0.071988827,0.010786971663565622,0.038059157,0.008608983,0.00788978,0.042620739894863265,0.013302297,0.032866554,0.026899687534015893,0.006739945,0.028116397955171055,0.066577013,0.04362194,0.037110549372338736,0.032927761763228536,0.011530280122747342,0.03391871,0.035200358066708994,0.021632232125508792,0.034656569,0.032512744,0.053391740257838154,0.037031373,0.048250583,0.034288925010497594,0.061085691,0.065674511,0.013002844372206421,0.039249316,0.038910609,0.045713591,0.167279153,0.041807925591600535,0.044916415752042395,0.041032458936292315,,,0.019945410074322645,0.031687614,0.035787321
ec2-c5n,0.027450980392156862,0.10927959171933169,0.342849014,0.073183563,0.11001373756658436,0.12007153028446534,0.1257308501148223,0.1662405390066181,0.11079950372574938,0.1345315658914897,0.12857334506915516,0.11855322355576273,0.006815671,0.034973419,0.1413143872113677,0.089956362,0.039729896,0.1648005056014927,0.13509689544219586,0.11164038392954054,0.067250121,0.11114263906241975,0.1325099210772729,0.11968208614618674,0.095054366,0.13187042627505863,0.024080496789207286,0.12085234377388344,0.016368025809126944,0.014875292341518024,0.084053605,0.024498593,0.12190799785436907,0.10358599537704015,0.012393670108531762,0.020937314095001866,0.12940912784019273,0.088890035,0.10997447633539079,0.097829278,0.024753098516456268,0.11063621784078663,0.11027489920960588,0.067658331,0.10610656895011403,0.11047309929453236,0.1283265816970185,0.074682295,0.1048173551888715,0.085704566,0.12609032938953027,0.017904154738459247,0.002240435,0.082564025,0.083131983,0.10660354017185054,0.3366117458860687,0.11901810399776816,0.091195467,0.110467197,,,0.039075516,0.089831725,0.10528719201064188
ec2-c5n,0.011764705882352941,0.2263747010626145,0.6831587885144694,0.12447867329899678,0.2211625836415872,0.24551611087194092,0.17009506425390591,0.3385446548984875,0.22959884498076197,0.26174387426477885,0.17246291927477853,0.24151760516710127,0.007027812,0.073601782,0.3013854351687389,0.200715024,0.081462317,0.21579151963845478,0.22422703123829005,0.22664454471683385,0.15302596505084415,0.2253297594874979,0.20847503300563566,0.20352294301956098,0.14872652154218963,0.21587468030944815,0.046281527,0.1930191947352606,0.032374999,0.029831964,0.17820742520000266,0.048734739261914274,0.212432407,0.21165784654590625,0.030355535,0.04823699,0.2630300992724997,0.18444164655469636,0.22157240499183983,0.20559275250109582,0.048245004220397826,0.19358089052397628,0.22178093317209863,0.13609947239673376,0.2145503645930523,0.1895686360907132,0.25905312877595105,0.1525448443730608,0.21088861143296705,0.13706456,0.25327762,0.025846141351795835,0.004531384,0.17175863345296088,0.1708585444517471,0.22683602906949923,0.6763350569246585,0.2020937701685094,0.1825624702154259,0.227865937,,,0.083338257,0.18755641969307688,0.21858558182937238
ec2-c6a,0.7490196078431373,0.013566210008136025,0.012621276094762586,0.007070569,0.006856545,0.010837169,0.008194746,0.030140253869344363,0.027378781,0.015533555050114105,0.009513869,0.028429779635699703,0.079933892,0.010003951291353858,0.5354884547069271,0.13515360754280506,0.007831743,0.005930786,0.014175863724596394,0.013332092850165136,0.07330147,0.012426080938353196,0.071581421,0.010849458635399892,0.007441404,0.008675102,0.002947937,0.012312203938563127,0.002119146,0.001980754,0.0072503,0.004199147,0.024626943,0.015036945260825855,0.00195897,0.066053621,0.025532550733570542,0.026784065,0.015139030346164702,0.013737230574316221,0.003039124,0.011216788456357759,0.012242359112191993,0.013381580717321229,0.011378429808612731,0.010973768767347725,0.003082341,0.00454312,0.002592323,0.005026812,0.011170364549650764,0.43145256803308096,0.335016384,0.000724002,0.000584062,0.002939659,0.005843718,0.007855357,0.005928799,0.006937224,,,0.020855242168945187,0.048931787144411265,0.021859550896420277
ec2-c6a,0.37254901960784315,0.019055974227693725,0.01740186,0.00696659,0.010346009221609285,0.013494718018346195,0.006504656,0.029533091582477824,0.022189563963005903,0.013544938874191548,0.008085938,0.023123582,0.025915117,0.00952351,0.22685612788632326,0.060058533849739755,0.010245157,0.008169377,0.015299193656644818,0.016417794731047743,0.020355067,0.017094760308750175,0.068519506,0.013813137498517609,0.007955305,0.008183614,0.002894109,0.011119569861365142,0.003835007,0.003489158,0.017360359118741512,0.004226998,0.021350970539411027,0.010665622979055813,0.003466246,0.06310939,0.031173245921235725,0.065342098,0.013873584234228707,0.011446292427446629,0.005441084,0.012816330482219827,0.014604791722287413,0.010296421863401075,0.016606639683423033,0.012882115,0.006464262,0.00798727,0.006142189,0.00573728,0.014943051215906368,0.2325002199527609,0.064780224,0.002184208,0.002167535,0.007661566,0.011998272136014173,0.007750149,0.010548922,0.006846319,,,0.012643121314884615,0.036918732495428555,0.028351897
ec2-c6a,0.1843137254901961,0.015454343734847675,0.023651403,0.006377964,0.013425488234340246,0.014809418154121269,0.005960101,0.019183481,0.014830993508555563,0.015111530122436049,0.006892287,0.015970715390950428,0.009608892,0.009105931,0.11566607460035525,0.036364592278438856,0.009579154,0.008300793,0.013148066250112209,0.009928517,0.002386857,0.010753573972964274,0.066381943,0.010802354539781903,0.007836986,0.007330222,0.002973056,0.008826014,0.001648871,0.001639962,0.016582662282687878,0.000669507,0.014467320217491676,0.005031871,0.001638339,0.059857628280750586,0.026681235349601696,0.033655741,0.009215209,0.006762037,0.001211927,0.009886643,0.009464313,0.006371781,0.010812563336586516,0.010202672616157024,0.007086722,0.008887786,0.006646104,0.005243382,0.014436871666994082,0.11174277032194316,0.016293669359002266,0.004569754,0.004628456,0.00701157,0.022736536632511017,0.006394789,0.011061827521826875,0.007687194,,,0.011166121,0.025090850172441732,0.023964103
ec2-c6a,0.12156862745098039,0.025059376566596264,0.034035794,0.010717763,0.021426320443273646,0.024101731960128492,0.008081895,0.025917350420526414,0.019547568231555262,0.022061922665288128,0.010079936652738555,0.019884463996640254,0.008429854,0.010978303818384282,0.10579040852575489,0.040255166,0.013448743737879312,0.010728984057000547,0.018894837706002154,0.014544148279088037,0.000818849,0.014301485525873514,0.081530221,0.014494761470401449,0.010308482611671842,0.010086595251296574,0.004112398,0.011632563,0.00244611,0.002402955,0.018471120211586048,0.001592891,0.016335035,0.006919153,0.002434637,0.043069461669540315,0.040736279,0.039877112,0.013105420097431684,0.010741834446175652,0.002158917,0.012585870150862068,0.014067467306221076,0.009170781,0.02281851,0.013094153891346296,0.011590401469937188,0.013592373,0.011316136058963307,0.007733025,0.021486103,0.067691308,0.011575829744749352,0.008837841,0.00884563,0.012702180212443858,0.034513699,0.009468293,0.016408993,0.018692438,,,0.011780553225177536,0.026178738,0.03682967
ec2-c6a,0.058823529411764705,0.031494235,0.066550006,0.024082584,0.044249344482485374,0.054929298,0.010509552999172417,0.050449554,0.039915491,0.044710775,0.013041159359590597,0.040695241399954424,0.007812064,0.017556305901792447,0.10181172291296625,0.053924747,0.026473051715691254,0.052609641,0.031211113,0.018978358737394882,0.006150076,0.017722268242860828,0.082364619,0.019161392,0.029692492377816543,0.042348455,0.007830064,0.014631483899253554,0.004873629,0.00472069,0.033836375,0.004789384,0.019075347,0.013966285,0.00494047,0.026649323935993223,0.061151113,0.03390124,0.020472617280011783,0.020378891615450333,0.005141112,0.015970164,0.018048603741752243,0.013707596191690872,0.017765344862037024,0.016486252922640592,0.028360201,0.028615895443507258,0.028365766789382064,0.013160491034635433,0.04316292,0.025487449157073346,0.004159217,0.022542359,0.022575159058724686,0.031220776,0.070727702,0.013302554759487065,0.033289427,0.041208588294783736,,,0.020370786118561756,0.073814318,0.049407350050628386
ec2-c6a,0.027450980392156862,0.030220412389773257,0.12928714005148048,0.050939996210936304,0.085651739,0.10147365632347585,0.048073995,0.099802997,0.075219028,0.088797191,0.051194796,0.077073147,0.008297203,0.032153633,0.12589698046181172,0.063178002,0.050564296,0.17561074704125312,0.048953796056321316,0.029558129558129555,0.022201831665631007,0.023731394059218647,0.20545576857088022,0.021685617290860586,0.088152253,0.13640848274872394,0.016396663431053633,0.025479272,0.009455742,0.009141095,0.072251974,0.011363405,0.026716542,0.025803255280867222,0.009535936,0.029961584,0.063504515,0.058056383,0.034413385,0.03973139,0.011662749159478488,0.017883301,0.028090625,0.026968984002510972,0.020490641,0.018012413,0.069236172,0.057301499,0.080312791,0.063412975,0.084084597,0.016472769848198756,0.003366596,0.048740657,0.048685182299254004,0.067100556,0.1397371544592478,0.048673245387295234,0.065842156,0.068747266,,,0.031111531,0.086058839,0.052752794
ec2-c6a,0.011764705882352941,0.093732793,0.2596561547339374,0.12196819830020839,0.1596877380744766,0.18936649336026756,0.19213924127726806,0.20272536025890733,0.15414288070463067,0.17108445760303945,0.19698184328751345,0.1559527550377599,0.006562942,0.064644025,0.21037300177619894,0.11929338777799198,0.10125276278330522,0.28889005926271466,0.19632578873985274,0.084680033,0.059305547,0.085801285,0.22690855936458576,0.14214907725847514,0.16870263429972396,0.2572524227216341,0.036064226619705424,0.17975780468836797,0.018948271,0.018372467,0.15320791741319004,0.024433249,0.1508575800091742,0.085753344,0.019433250521041834,0.021421297,0.1286526769954893,0.11844154804708666,0.096257961,0.092819888,0.025313628655351694,0.13602842133620688,0.083959464,0.06365927,0.077881502,0.13153938408500987,0.18764001185003706,0.11732232608890487,0.17636353715644765,0.14567078108099327,0.17133245672021463,0,0,0.1026469459723659,0.10274888709710205,0.14418169695088964,0.2808644190762337,0.19785935817023484,0.1331241952129977,0.12823921775838462,,,0.06237667,0.1401523042381316,0.10624019695435502
ec2-c6i,0.4980392156862745,0.006319803,0.046764097816450564,0.002767779,0.007772893,0.010784183859323771,0.001136132,0.025105325,0.024241987854081586,0.016642862,0.001504497,0.023062523176450793,0.008683079,0.006335536,0.22067495559502665,0.038257304,0.006718728,0.012119388162003145,0.005885952,0.007022168,0.019855627116084858,0.006609682,0.083621644,0.003871957,0.006007865,0.014650170628669792,0.00158252,0.002760693,0.004435971,0.003710932,0.002505365,0.005634569,0.005892267,0.005462072,0.00245399,0.011504683545580124,0.009731133,0.017188808,0.010431877584577816,0.007938,0.005680842,0.003546879,0.006564556,0.005598,0.006427649,0.003438127,0.004164156,0.006816459,0.004861541,0.005058395,0.014158688,0.3373026346956869,0.089046901,0.002993626,0.002975872,0.003992234,0.12376402607690276,0.000946866,0.009510048,0.000909055,,,0.007231393,0.025924125639423187,0.005886791
ec2-c6i,0.24705882352941178,0.005360327,0.088093849,0.011305508681802363,0.014149081663561184,0.0185482,0.015360391506375234,0.030426814663247734,0.030041700822446563,0.02845739,0.015501101051315861,0.028630828,0.007987855,0.009007148,0.12625222024866786,0.017542629817213155,0.010172912,0.033546759,0.023334626,0.005882991,0.006614671,0.005976072,0.065484344,0.010959737635729067,0.015540418392364207,0.024224067905471346,0.00321797,0.020645729892800876,0.0090419,0.007454613,0.005273244,0.011022760017696403,0.006961347,0.005233485,0.004736288,0.010919871,0.011393457167138278,0.028462542481406686,0.011946118071490805,0.011849211199022278,0.011681361,0.010598544416756464,0.005766422,0.004234465,0.005413162,0.009953915,0.014253331158607418,0.014514938166050439,0.014368507825647837,0.012470176612207524,0.02709136,0.15653530411007113,0.032068829,0.010748854002416054,0.010733330171356557,0.015318938367797099,0.094212809,0.016522623376406646,0.019442688373408675,0.005016846,,,0.005612601,0.017475638265861168,0.003514206
ec2-c6i,0.12156862745098039,0.002654482,0.078389086,0.009178346,0.022847501,0.023990794,0.015414130485406283,0.026600640088926677,0.026057475253983612,0.026492642,0.015588792508270156,0.023816084,0.00700228,0.007983405,0.079147425,0.009673858,0.009572381,0.03479722,0.022878376475297033,0.003407194,0.008200101,0.003221953,0.064533627,0.011039537515364246,0.015876586643050253,0.025426770523081184,0.003290636,0.020355307,0.002364962,0.002308427,0.014062530763324213,0.000830188,0.004076848,0.003264565,0.002366044,0.005802757,0.012840986561323882,0.015564202,0.008278932,0.008109765,0.001627946,0.009496755,0.003145984,0.007648441,0.001709159,0.00829174,0.013674143951321644,0.014380501,0.013091069378602153,0.012285791975628742,0.019710889743196333,0.095527176,0.015842016629437506,0.013140501134134256,0.013144789,0.011414768748191542,0.084257083,0.016413062682140118,0.018790055,0.012505184452891078,,,0.008696577,0.012267666597227044,0.001677686
ec2-c6i,0.058823529411764705,0.061046917760373444,0.15821413090593844,0.02315911,0.047830596528587295,0.051304765374043784,0.036650879,0.050577670663044735,0.049949289,0.051038436,0.036240785034863894,0.045715503,0.006341082,0.013259276554473941,0.055630550621669626,0.040886069,0.018334270252697314,0.091007767,0.051602351086722884,0.042295307,0.023874373522733215,0.04259172,0.042412387,0.045938685,0.047254491,0.06813249,0.008225694,0.046722996,0.004758919,0.004665014,0.031124281,0.004749749,0.049715584,0.031480388,0.004740627,0,0.067342803,0.034162131,0.050055219,0.04186336,0.005735581,0.043133965853987065,0.038049635763595206,0.039572736014029566,0.037757275,0.042281514,0.037943419,0.030586216854854884,0.038540339344997177,0.036130967,0.040903036,0.022208461075129093,0.000441253,0.031044637300746913,0.031029155684443754,0.033321731,0.17118415082150448,0.042020879656284156,0.039039873131204356,0.038390519,,,0.016365161701976817,0.016873828206374557,0.036958723
ec2-c6i,0.027450980392156862,0.11518437553932004,0.3188453106576693,0.047892884050244756,0.099663139,0.11497003013544392,0.067510936,0.10525012796208236,0.10437144749118102,0.10383332076660991,0.069000088,0.096208519,0.006450986,0.029814289306368764,0.12113676731793963,0.078004241,0.038573986151654506,0.11145954811866586,0.082135678,0.1194270001498917,0.064416091,0.11724482318667243,0.079251523,0.097651778,0.06872965,0.099042179,0.017278532,0.07610191,0.009670521,0.009430888,0.072967324,0.013981444,0.087738526,0.081885537,0.009625501,0.008313419,0.11625995760139711,0.059306199,0.11238143153399681,0.086818497,0.014525613,0.094659213,0.11690003073630274,0.0706918,0.11461878599623601,0.093984778,0.087763505,0.063586611,0.080998585,0.061920753,0.084526249,0.010479903085429655,0.000774792,0.067485395,0.06742125,0.077911458,0.3453407916898459,0.08246365,0.079628118,0.097473396,,,0.037220404,0.13452769483600677,0.11316933706593603
ec2-c6i,0.011764705882352941,0.12818969272113148,0.6401504813583994,0.092050456,0.18965949804339113,0.2152829751299798,0.11887465204011077,0.21542873022622205,0.2119196902224618,0.20144312997120142,0.1216247787263143,0.19815362803602196,0.006631336,0.063225152,0.26095914742451154,0.11140709065736665,0.078904414,0.1451989175714074,0.1515828328173757,0.13093765021475864,0.14692815619682567,0.12936935452621878,0.14346178228493991,0.1223487321239957,0.12301675966305989,0.16466254895403976,0.034801979,0.1301965702543118,0.019583653,0.019024489,0.1568043551022819,0.030756606960942578,0.123756289,0.10987397312024176,0.019414929,0.026750154,0.14970255605674312,0.11883096094173277,0.12949271716589159,0.11029196513982782,0.030610200553742466,0.11675446608970905,0.12976384648002026,0.08509471,0.1270128030041565,0.1154384206544129,0.18589246424184724,0.12961940787929396,0.16360948043347315,0.10592581541323215,0.17200067108223482,0.010134746445224992,0.002172093,0.140455037,0.1403077506826482,0.16840348397864657,0.6936502280319015,0.15099567815711656,0.16050015932439643,0.18526535876414005,,,0.079238104,0.15464203874730922,0.12441678082871722
pascal,0,0.034962319507564864,0.018085055146173486,0.008968626,0.003429802,0.008664768,0.01127399,0.015643248522478927,0.015573189374413814,0.003489029,0.011261808,0.017023615,0.000297108,0.00776788,0.1513321492007105,0.12658383133839224,0.004142764,0.031466169,0.01976863,0.022136939,0.021051959,0.021805138,0.019203561,0.018351755652768555,0.011175309203697643,0.016305916640678257,0.001955722,0.017897713080351253,0.000716837,0.000771419,0.094024204,0.038036556142698144,0.025488332758077117,0.019228183,0.000738097,0.028665920525928396,0.7014727444223425,0.017455856277397434,0.023167941,0.01820233,0.028379028,0.018141647865032324,0.021282085222568973,0.026289551562134125,0.02098605,0.017687632,,0.004581531,,0.011988610864797033,0.012423624962538411,0.015176741,,0.009973331,0.010501602444659763,,0.012783373539070494,0.016160565,0.004816084,,,,0.024151906511798275,0.023262273,0.019625945559592586
lassen,0,0.020709889,0.010749178114202439,0.005270323,0.00254864,0.005002153,0.006066683,0.009749875,0.009702088,0.001247089,0.0059231,0.012441193246549782,0.000276823,0.00261324,0.065079929,0.10558875589281644,0.001379416,0.022141132,0.01006138,0.012835382714900787,0,0.012652370266294233,0.010006184315877019,0.010651621433804336,0.004995806,0.009648466,0.000922239,0.011036059378935526,0.000147722,0.000145435,0.053392005145268526,0.04081742,0.013179344,0.011906123,5.6839860905377114e-05,0.018416568,0.28141839202831553,0.006953252,0.014264109,0.009806223,0.027338982,0.010730085701778014,0.012107747567457212,0.016404152,0.012115487402039875,0.010524351,,0.001803875,,0.007213259,0.002257016,0.039154975,,0.003525103,0.003521313,,0.001625961,0.009206726,0.001228019,,,,0.012678569318571208,0.015415596139157004,0.010909921178549444
corona,0,0.023578044,0.014811782355008287,0.016568782520961015,0.007365967,0.007292115,0.007932321,0.013944308178494572,0.013921403550231769,0.00537458,0.009348956,0.019449603,0.8822206502513711,0.39331513344588537,0.11566607460035525,1,0.19590645255237152,0.016291603654575867,0.013661964987354301,0.012760953724809145,0.009570656,0.012653387296981605,0.013807890721781393,0.012623897625621081,0.009671693,0.011386733683063833,0.003363303,0.012770020333311215,0.00054958,0.00053009,0.068529201,0.059615028,0.017617782,0.011254378045422822,0.000558663,0.053681801224074135,0.4919451993388059,0.014312078264295917,0.013567729743658965,0.011669047520019965,0.062198044,0.012512207031249997,0.012326491327651231,1,0.012273467633043302,0.012215486982645424,,0.004612117,,0.00959131,0.015192556149364551,0.02236412,,0.012776466409153338,0.012535657,,0.014982298366732722,0.01128584,0.006017407,,,,1,0.057935791,0.023289058
tioga,0,0.009804324,0.00727166,0.002320141,0.002414018,0.002043249,0.001971773,0.003865786,0.003811908,0.001854089,0.002278015,0.004432008,1,0.2751894823808327,0.059964476,0.8707874029547326,0.13813352116873354,0.006315504,0.005218049,0.004275532,0.000336831,0.0041922,0.004127013,0.005257371,0.004369172,0.00628693,0.000961713,0.006267387,0.000276041,0.000278649,0.088870732,0.065908392,0.007071169,0.004206845,0.000290744,0.054357361081702416,0.6573371062486576,0.006132868,0.006456383,0.003810432,0.068325559,0.005507897,0.003997402,0.7506268091212092,0.003951708,0.005419394,,0.001932622,,0.0041849,0.004869648,0.024536576,,0.004417904,0.004381822,,0.004330555,0.004109977,0.002140229,,,,0.709716298,0.020646714,0.006869577
ec2-p3,0,0.020089414,0.010503905629850822,0.005030643,0.001262082,0.004205716,0.005796645,0.008560307,0.008527867,0.000678061,0.005657408,0.011285535362982312,0.00022828,0.000228995,0.045541740674955596,0.10390634584041639,9.030548086539757e-05,0.020900703,0.00987855,0.012033203599468661,0.004082628,0.011842305,0.009604882,0.010258717859767227,0.004877486,0.009542082,0.000832527,0.010980137180879979,3.483436675653875e-05,3.6058977547463915e-05,0.045997322,0.026112908,0.0126265,0.011330413569219539,3.7439710278572806e-05,0.015421922421529184,0.2586781721906256,0.006497654,0.013483059894714884,0.009269331,0.026314262536114234,0.010458584489493532,0.011432446318037724,0.011138083589495763,0.011343200767552734,0.010244563151533582,,0.001744126,,0.007073392,0.002026152,0.011765780764623476,,0.002203868,0.002186507,,0.001231808,0.008947336,0.001120667,,,,0.006746937,0.012938916278962107,0.009996625
ec2-p4d,0,0.004263196,0,0,0,0,0.001694569,0,0,0,0.001454108,0,0.000250403,0.000341248,0.043907638,0.26618881547817247,0,0.021255326245883836,0.003683765,0.002272152,0.000296179,0.002229331,0,0.00468381,0.000854639,0.003600485,0,0.005427063,0,0,0.043790567,0.011299132426303368,0.004626704,0.002215275,0,0.003781119,0.30795020498883996,0,0,0,0.011986805646027408,0.005082755,0.00139996,0.008047943,0.00120109,0.004934291,,0,,0.002883078,0,0.019162961308617412,,0.000770777,0.000764973,,0,0.003114136,0,,,,0.007432265,0,0
boraxo,0,0.8707563218579728,0.3719597360689689,0.48770713181095227,1.0000000000000002,0.4554161009371792,0.7215071454929118,0.6400715968739497,0.6407747392467759,0.6839754748187273,0.7261834256602218,0.6443284153339122,5.004689644003261e-05,0.19227971550702258,0.6208880994671402,0.8097474632410928,0.24451789290221498,0.8241083632405644,0.8239254451524276,0.9520620448331291,1,0.9379631621314726,1,0.7763054207393237,0.8611036068517385,0.8137680119547778,0.13641876846945933,0.7206212732515179,0.192596031,0.1722340589295397,0.970657531,0.2990370885345085,0.9005255002861341,0.865488356,0.13496161667296333,0.32286719703156985,0.9984217260153718,0.7446113259124268,0.8968466616764632,0.8511941992494314,0.2900798208055212,0.728911827,0.927744449,0.49786735436107193,0.8926466532686221,0.7086513264560451,0.756025711,0.8415996733676563,0.8849214118583518,0.8282142784093712,0.7036282892708576,0.10235924715245773,0.023415371198372864,0.9999999999999999,1,0.6940825201393925,0.34997833761026664,0.805559879,0.9579917514834778,1,1,1.0000000000000002,0.27219340430811406,0.9682892391732056,0.9999999999999999
catalyst,0,0.9999999999999999,0.442992431,1.0000000000000002,0.7159322116870283,0.9835530019538364,0.7961138657313697,0.9999999999999999,0.9871506571448969,0.9333314528452237,0.8288465628548148,1,0.0005736,1,0.6844760213143872,0.7144634689192267,0.9999999999999999,0.8882996892657492,0.9280846483458471,1,0.6887271840318713,1,0.8640148423581048,1,0.9999999999999999,0.9603535660679445,1,1,1.0000000000000002,1.0000000000000002,1,0.9999999999999999,1,0.9999999999999999,1,1,0.9746168716555067,1,1.0000000000000002,1,1.0000000000000002,1,1,0.47812364549444747,1.0000000000000002,1,1,1,0.9999999999999999,0.9366971146962676,1,0.065880928,0.015600590417087924,0.8411730730903091,0.838411242,0.9999999999999998,0.3353786560089419,0.9999999999999999,1,0.6119131625446715,0.16689670454532046,0.26306266691865265,0.1878507875364819,0.9326435664189987,0.9830643079794309
quartz,0,0.7003168119920119,0.3052607826243621,0.8061136102287096,0.7253098601460649,0.9141040500711991,1,0.8890446508754957,1,0.5834261372297047,0.9999999999999999,0.9555116392322023,0.000137299,0.3272387657602644,0.5177975133214919,0.48404339215926817,0.4506672446217442,0.9999999999999999,1,0.7115101331968801,0.6781460338108983,0.7031780683434451,0.8399134583508621,0.7113904353194267,0.7947748688334453,0.9999999999999999,0.1836045925370376,0.9060708392579796,0.22844884759815287,0.20854886543349824,0.8099975061198508,0.30463202299247044,0.8277062816484303,0.6566699161848415,0.17494220713895048,0.32885144741220246,0.5783860514199797,0.7274286743338424,0.6941614617206388,0.6842186615178381,0.2959073636362641,0.6718555318898168,0.6815034763431429,0.29549083544656957,0.6803955340585012,0.6566470712051182,0.7440957855809013,0.6750627017445525,0.8415494879012455,0.9999999999999999,0.6680265163518938,0.075423494,0.017496343,0.9646960886265247,0.978338201,0.6570243601732763,0.3419497945277471,0.9608157265307025,0.7866069810781691,0.5488815785735796,0.19391780634621658,0.3034981104827361,0.15152839975895355,1,0.6689896162169674
ruby,0,0.647613432,0.2782701065463673,0.3540139842886033,0.5771078291891164,0.8808639931118984,0.5921932489511943,0.47234255093571687,0.4747179532625847,0.4572640091391722,0.603317878,0.46297650410511715,0,0.11936491971694387,0.5173001776198933,0.5686721228159338,0.14327416066699628,0.6717542816872443,0.6960486622573495,0.6693285367984162,0.5666490507744218,0.6575322055480041,0.7503575852863686,0.6020252544452411,0.5961517368015875,0.7421457288480601,0.38364532178799615,0.5911837536321468,0.11033277531765398,0.098180169,0.5820552197567811,0.1573287428376162,0.6618681333458845,0.5904417743969983,0.092086322,0.1822650412898152,0.7166017613164113,0.4727926599517313,0.6330040616985508,0.5432164875561087,0.16551841921742547,0.5592151510304418,0.6410521462689045,0.37223276072519296,0.6339157684637331,0.5427906647200497,0.5518489053694647,0.501206377,0.5889825748408818,0.7376651791568959,0.6082500096790707,0.073403312,0.017174689,0.5734475647636078,0.5741521949765223,0.46113233499536616,0.18703935376861494,0.6796379998570631,0.5501968408897402,0.5821700273284585,0,0,0.17855159456936584,0.7011550123833994,0.7559910258701132
mammoth,0,0.6950674304123075,0.30320316945563786,0.27004745141406983,0.8267858071661756,1,0.3274723512952885,0.786951024,0.9322158546822343,0.641086242,0.32171050694169495,0.7945803219460326,0.000151008,0.3522890549229499,0.2622380106571936,0.5916300099893097,0.47406539471396864,0.43018260339625763,0.4505557765429933,0.7148594377510039,0.5052354044589502,0.714236752,0.38921835287822704,0.484731623,0.4558253590703475,0.38276698490175715,0.10335092286741104,0.40984968858791976,0.13604400605578018,0.1414769353342893,0.7489483044896407,0.21351803865571603,0.8074647338057905,0.7867794233465876,0.12632343569864646,0.21804954777821473,0.7704311769814809,0.5347493289169089,0.6528164995766509,0.5507053777958364,0.20875587489230046,0.4881712814857219,0.6931748581530849,0.4072842506190246,0.7067380495111146,0.4976047405605368,0.8695131165930475,0.5374453538113982,0.9287972499767301,0.5324360549267695,0.3942679826378981,0.033348222,0.008777514,0.6130493907672115,0.6151896847283297,0.5451747231226647,0.21192867049326158,0.4662406134237971,0.5665399455513845,0.6086064758788002,0.4304529290638617,0.4072946886456541,0.1876853635192778,0.70404833,0.676047809
poodle,0,0.62914506,0.2750342935528121,0.36539439306689464,0.7864466208339835,0.22373911315693612,0.6014677010823031,0.431402731,0.4282402449861777,0.2591070321395308,0.620808397,0.5082482102939928,1.9586389254420226e-05,0.146045117,0.40554174067495563,0.5202853087047196,0.18676528025177166,0.6589166183887463,0.6276433048630138,0.688006078,0.7582828570267085,0.7092970334740395,0.7676263665108632,0.5951613564649539,0.5119674881630181,0.5925837426024178,0.098623997,0.5555765988715646,0.093043077,0.085657107,0.678230395,0.1065372786744408,0.5007687514848335,0.6492954308252815,0.10205312005209659,0.14320860683424586,0.6035170294829051,0.4224121743092154,0.7306866847459292,0.5574432194469595,0.099915592,0.5908971326104525,0.661242756,0.31517974132991894,0.6495844349289337,0.5717804667019375,0.6465193844638024,0.384506445,0.6636410419361429,0.5986418702918752,0.4146987084534852,0.053949336,0.012758447,0.5336715172994453,0.532328051,0.48792055790625793,0.19179674782158393,0.6164044284287509,0.4452023476634411,0.44421528689199863,0.31621466482636373,0.3256851617741512,0.13647481419338067,0.6444459875471612,0.6835030873389323
ec2-c5n,0,0.855901907,0.36430277505748304,0.46793262516026424,0.6569218672076025,0.9120608007417956,0.6119579976139894,0.906862791,0.9124178107314384,1.0000000000000002,0.6282353403115664,0.9857880886818501,0.000118545,0.29169959409461554,1,0.8007395594188674,0.32243797706692306,0.6851236290951589,0.8172389966785999,0.8588387010073757,0.6532263216274762,0.8442559886580737,0.871436409,0.7527284354679431,0.5900108264457773,0.7870583365452904,0.17912975765198558,0.7051606495624274,0.12700258922289667,0.11320177773340374,0.7071512013283194,0.21912261401165264,0.923961588,0.7918875698726445,0.10202649469422302,0.24985127600149232,1,0.7368122937496921,0.8702606358828366,0.7790865361543114,0.20839897484292566,0.714886896,0.8417562768241549,0.5081323267852071,0.8134886493681067,0.698461066,0.9840357365164218,0.580445307,0.8114109275551176,0.5089503250343203,0.6355406872283587,0.079037487,0.018297135,0.6831514967453803,0.6829253254012888,0.8960132179835025,0.21034821330147638,0.7800819383390961,0.6975119834098148,0.707983205,0.07685426,0.2518663641832761,0.35358202077253015,0.781218897,0.8342565568725554
ec2-c6a,0,0.379595007,0.18761561253012396,0.4217932845454666,0.6522131556322494,0.711261052,0.22548517341568533,0.8277119760749587,0.8253876527163384,0.6723128322157991,0.2436173380407503,0.6314881031275736,0.000107511,0.27531520528754627,0.8937833037300177,0.3776660065543892,0.41515235663440503,0.3630143479471225,0.4231346669993831,0.336666615,0.30882788498951763,0.37221238245032184,0.32032119669420195,0.35232311857929616,0.34632946926040953,0.3185849535903937,0.128731347,0.28000020877620607,0.075055461,0.073066238,0.6048693009916456,0.11289920012683136,0.5111928423185366,0.32206486870665973,0.076490853,0.13626143158191922,0.592842668,0.49061945894695363,0.3737161473991632,0.38665265082559364,0.11187064891216646,0.3444187558930495,0.29610838024171743,0.2948310199831605,0.33419369257047055,0.2976291508478179,0.7340532119925037,0.46379160970280164,0.6947018400890997,0.23121292003903057,0.4502431239164818,0.017667283,0.005529775,0.426975448,0.5249547724393069,0.626931641,0.1437312376787147,0.3299696023490974,0.5359184213650324,0.46036237195111557,0.1347719442581483,0.18180250685745336,0.23531566447282912,0.3050482605374627,0.31739035479579886
ec2-c6i,0,0.5367641620302266,0.23091022,0.3648947653644331,0.6781539035800282,0.832711859,0.4540092860955765,0.8783769147119568,0.8761388337062775,0.796588324,0.46868662410795203,0.7930746903477249,9.699406466046044e-05,0.2620649089406948,0.9986500888099468,0.5118732584427191,0.3212075648901321,0.5288762154123184,0.6202420100687915,0.5354674812506137,0.6444280545666781,0.5231163447510283,0.5837559928734968,0.5048860801301625,0.47781086422662006,0.6166457488986272,0.1398080880756595,0.5220799478655989,0.080588067,0.078956757,0.6204462076614624,0.13394849403817582,0.5287717756889254,0.468795021,0.080312964,0.14925335511257654,0.649595159,0.47740250825001235,0.5369731142552122,0.46180829944683155,0.1282661554748577,0.4700280551252693,0.5241767943158032,0.35660020974596324,0.509981103,0.4619553777879832,0.781799541,0.527168385,0.7125913277549715,0.3952629090300947,0.5335792056279136,0.04734737,0.011477773560041215,0.5786186204100779,0.5778340910784825,0.7136075617601052,0.17099252198924828,0.5987161808447999,0.6478510518534171,0.641622208,0.10792646488553292,0.15678437968944015,0.3365197149980504,0.6281971159410227,0.5150296821331427