0,1,2,3,4,5,6,7,8,9,10,11,12,13,14,15,16,17,18,19,20,21,22,23,24,25,26,27,28,29,30,31,32,33,34,35,36,37,38,39,40,41,42,43,44,45,46
0.60708773,1.2893016,0.19455647,0.024247348,-1.6584896,0.87884694,0.22719924,0.38884595,-0.70753604,0.83768046,-0.057611052,-0.34078023,1.2974198,-0.082153305,-0.107415244,0,0.002910642,0.000816476,0.000673493,0.001004439,0.000548165,0.000327618,0,0,0.001249187,0.000342318,0.000548761,1,0.11409298,0.000346681,0.059905015,0.2334118,0.24008957,0.24234152,0.24007177,0.24291462,0.2916591,0.36844465,0.7150389,0.118169785,0.10601918,0.11140833,0.100925855,0.114033006,0.13830529,0.1946458,0.46010265
0.60708773,1.2893016,0.19455647,0.024247348,-1.6584896,0.87884694,0.22719924,0.38884595,-0.70753604,0.83768046,-0.057611052,-0.34078023,1.2974198,-0.082153305,-0.107415244,0,0.002910642,0.000816476,0.000673493,0.001004439,0.000548165,0.000327618,0,0,0.001248736,0.00034213,0.000549672,1,0.11409298,0.000346681,0.05322434,0.2334118,0.24008957,0.24234152,0.24007177,0.24291462,0.2916591,0.36844465,0.7150389,0.118169785,0.10601918,0.11140833,0.100925855,0.114033006,0.13830529,0.1946458,0.46010265
0.60708773,1.2893016,0.19455647,0.024247348,-1.6584896,0.87884694,0.22719924,0.38884595,-0.70753604,0.83768046,-0.057611052,-0.34078023,1.2974198,-0.082153305,-0.107415244,0,0.003404749,0.000954741,0.000787565,0.00117446,0.000438532,0.000436824,0,0,0.001459501,0.000399952,0.000641296,1,0.13352013,0.000426684,0.04494855,0.2334118,0.24008957,0.24234152,0.24007177,0.24291462,0.2916591,0.36844465,0.7150389,0.118169785,0.10601918,0.11140833,0.100925855,0.114033006,0.13830529,0.1946458,0.46010265
0.60708773,1.2893016,0.19455647,0.024247348,-1.6584896,0.87884694,0.22719924,0.38884595,-0.70753604,0.83768046,-0.057611052,-0.34078023,1.2974198,-0.082153305,-0.107415244,0,0.003404749,0.000954741,0.000782877,0.00117446,0.000657799,0.000382221,0,0,0.00145981,0.000400225,0.000641391,1,0.13352013,0.00041335,0.04494855,0.2334118,0.24008957,0.24234152,0.24007177,0.24291462,0.2916591,0.36844465,0.7150389,0.118169785,0.10601918,0.11140833,0.100925855,0.114033006,0.13830529,0.1946458,0.46010265
0.60708773,1.2893016,0.19455647,0.024247348,-1.6584896,0.87884694,0.22719924,0.38884595,-0.70753604,0.83768046,-0.057611052,-0.34078023,1.2974198,-0.082153305,-0.107415244,0,0.003893456,0.00109082,0.000900075,0.00134252,0.000511621,0.000436824,0,0,0.001669119,0.000456904,0.000731702,1,0.15207554,0.000460018,0.049934037,0.2334118,0.24008957,0.24234152,0.24007177,0.24291462,0.2916591,0.36844465,0.7150389,0.118169785,0.10601918,0.11140833,0.100925855,0.114033006,0.13830529,0.1946458,0.46010265
0.60708773,1.2893016,0.19455647,0.024247348,-1.6584896,0.87884694,0.22719924,0.38884595,-0.70753604,0.83768046,-0.057611052,-0.34078023,1.2974198,-0.082153305,-0.107415244,0,0.003890756,0.001090274,0.000900075,0.001342128,0.000511621,0.000491427,0,0,0.001669727,0.000457118,0.00073237,1,0.15207554,0.000433351,0.049934037,0.2334118,0.24008957,0.24234152,0.24007177,0.24291462,0.2916591,0.36844465,0.7150389,0.118169785,0.10601918,0.11140833,0.100925855,0.114033006,0.13830529,0.1946458,0.46010265
0.60708773,1.2893016,0.19455647,0.024247348,-1.6584896,0.87884694,0.22719924,0.38884595,-0.70753604,0.83768046,-0.057611052,-0.34078023,1.2974198,-0.082153305,-0.107415244,0,0.004271462,0.001196295,0.000986019,0.001472929,0.000621254,0.000491427,0,0,0.001832405,0.000501271,0.000802676,1,0.16683963,0.000526688,0.05494956,0.2334118,0.24008957,0.24234152,0.24007177,0.24291462,0.2916591,0.36844465,0.7150389,0.118169785,0.10601918,0.11140833,0.100925855,0.114033006,0.13830529,0.1946458,0.46010265
0.60708773,1.2893016,0.19455647,0.024247348,-1.6584896,0.87884694,0.22719924,0.38884595,-0.70753604,0.83768046,-0.057611052,-0.34078023,1.2974198,-0.082153305,-0.107415244,0,0.004271462,0.001196295,0.000986019,0.001472733,0.000548165,0.00054603,0,0,0.001832281,0.000501342,0.000802622,1,0.16685347,0.000533355,0.05996508,0.2334118,0.24008957,0.24234152,0.24007177,0.24291462,0.2916591,0.36844465,0.7150389,0.118169785,0.10601918,0.11140833,0.100925855,0.114033006,0.13830529,0.1946458,0.46010265
0.60708773,1.2893016,0.19455647,0.024247348,-1.6584896,0.87884694,0.22719924,0.38884595,-0.70753604,0.83768046,-0.057611052,-0.34078023,1.2974198,-0.082153305,-0.107415244,0,0.004549566,0.001276631,0.00105165,0.001570588,0.000730887,0.000491427,0.000389408,0,0.001954596,0.000535,0.00085703,1,0.17781928,0.000560022,0.06495057,0.2334118,0.24008957,0.24234152,0.24007177,0.24291462,0.2916591,0.36844465,0.7150389,0.118169785,0.10601918,0.11140833,0.100925855,0.114033006,0.13830529,0.1946458,0.46010265
0.60708773,1.2893016,0.19455647,0.024247348,-1.6584896,0.87884694,0.22719924,0.38884595,-0.70753604,0.83768046,-0.057611052,-0.34078023,1.2974198,-0.082153305,-0.107415244,0,0.004554966,0.001275538,0.001050087,0.001570588,0.00058471,0.000491427,0,0,0.001955332,0.000534652,0.000856155,1,0.17781237,0.000553355,0.05190901,0.2334118,0.24008957,0.24234152,0.24007177,0.24291462,0.2916591,0.36844465,0.7150389,0.118169785,0.10601918,0.11140833,0.100925855,0.114033006,0.13830529,0.1946458,0.46010265
0.60708773,1.2893016,0.19455647,0.024247348,-1.6584896,0.87884694,0.22719924,0.38884595,-0.70753604,0.83768046,-0.057611052,-0.34078023,1.2974198,-0.082153305,-0.107415244,0,0.004749369,0.001332374,0.001098528,0.001639616,0.000877065,0.00054603,0,0,0.002038097,0.000558349,0.000894145,1,0.18585166,0.000580023,0.06495057,0.2334118,0.24008957,0.24234152,0.24007177,0.24291462,0.2916591,0.36844465,0.7150389,0.118169785,0.10601918,0.11140833,0.100925855,0.114033006,0.13830529,0.1946458,0.46010265
0.60708773,1.2893016,0.19455647,0.024247348,-1.6584896,0.87884694,0.22719924,0.38884595,-0.70753604,0.83768046,-0.057611052,-0.34078023,1.2974198,-0.082153305,-0.107415244,0,0.004754769,0.001332374,0.001100091,0.001640008,0.000767432,0.00054603,0.000389408,0,0.002039551,0.000558349,0.000894419,1,0.18584475,0.000580023,0.06495057,0.2334118,0.24008957,0.24234152,0.24007177,0.24291462,0.2916591,0.36844465,0.7150389,0.118169785,0.10601918,0.11140833,0.100925855,0.114033006,0.13830529,0.1946458,0.46010265
0.60708773,1.2893016,0.19455647,0.024247348,-1.6584896,0.87884694,0.22719924,0.38884595,-0.70753604,0.83768046,-0.057611052,-0.34078023,1.2974198,-0.082153305,-0.107415244,0,0.010705655,0.005209813,0.004805085,0.005753855,0.003654436,0.004368243,0.001168224,0.000813008,0.002787104,0.002959857,0.004720487,1,0.22205618,0.00300012,0.096286215,0.2334118,0.24008957,0.24234152,0.24007177,0.24291462,0.2916591,0.36844465,0.7150389,0.118169785,0.10601918,0.11140833,0.100925855,0.114033006,0.13830529,0.1946458,0.46010265
0.60708773,1.2893016,0.19455647,0.024247348,-1.6584896,0.87884694,0.22719924,0.38884595,-0.70753604,0.83768046,-0.057611052,-0.34078023,1.2974198,-0.082153305,-0.107415244,0,0.010711055,0.00520872,0.004805085,0.005754247,0.003654436,0.004477449,0.001168224,0.000813008,0.002787621,0.002959888,0.004718913,1,0.22205618,0.003013454,0.096286215,0.2334118,0.24008957,0.24234152,0.24007177,0.24291462,0.2916591,0.36844465,0.7150389,0.118169785,0.10601918,0.11140833,0.100925855,0.114033006,0.13830529,0.1946458,0.46010265
0.60708773,1.2893016,0.19455647,0.024247348,-1.6584896,0.87884694,0.22719924,0.38884595,-0.70753604,0.83768046,-0.057611052,-0.34078023,1.2974198,-0.082153305,-0.107415244,0,0.012252778,0.005950872,0.005487954,0.006574938,0.00317936,0.005078082,0.001557632,0.001219512,0.003197189,0.003379861,0.005390614,1,0.25541025,0.003466805,0.08420237,0.2334118,0.24008957,0.24234152,0.24007177,0.24291462,0.2916591,0.36844465,0.7150389,0.118169785,0.10601918,0.11140833,0.100925855,0.114033006,0.13830529,0.1946458,0.46010265
0.60708773,1.2893016,0.19455647,0.024247348,-1.6584896,0.87884694,0.22719924,0.38884595,-0.70753604,0.83768046,-0.057611052,-0.34078023,1.2974198,-0.082153305,-0.107415244,0,0.012252778,0.005949779,0.005487954,0.006574741,0.004202602,0.005078082,0.001557632,0.001219512,0.003197458,0.003380383,0.005388557,1,0.25541025,0.003506807,0.09070222,0.2334118,0.24008957,0.24234152,0.24007177,0.24291462,0.2916591,0.36844465,0.7150389,0.118169785,0.10601918,0.11140833,0.100925855,0.114033006,0.13830529,0.1946458,0.46010265
0.60708773,1.2893016,0.19455647,0.024247348,-1.6584896,0.87884694,0.22719924,0.38884595,-0.70753604,0.83768046,-0.057611052,-0.34078023,1.2974198,-0.082153305,-0.107415244,0,0.013718899,0.006654221,0.006134883,0.007353858,0.00376407,0.00556951,0.00194704,0.001219512,0.00358778,0.003777777,0.006020888,1,0.28662655,0.003886822,0.09563087,0.2334118,0.24008957,0.24234152,0.24007177,0.24291462,0.2916591,0.36844465,0.7150389,0.118169785,0.10601918,0.11140833,0.100925855,0.114033006,0.13830529,0.1946458,0.46010265
0.60708773,1.2893016,0.19455647,0.024247348,-1.6584896,0.87884694,0.22719924,0.38884595,-0.70753604,0.83768046,-0.057611052,-0.34078023,1.2974198,-0.082153305,-0.107415244,0,0.013721599,0.006654767,0.00613332,0.007353858,0.003508259,0.005678716,0.001557632,0.001219512,0.003587574,0.003777812,0.006027325,1,0.28663346,0.003820153,0.09420767,0.2334118,0.24008957,0.24234152,0.24007177,0.24291462,0.2916591,0.36844465,0.7150389,0.118169785,0.10601918,0.11140833,0.100925855,0.114033006,0.13830529,0.1946458,0.46010265
0.60708773,1.2893016,0.19455647,0.024247348,-1.6584896,0.87884694,0.22719924,0.38884595,-0.70753604,0.83768046,-0.057611052,-0.34078023,1.2974198,-0.082153305,-0.107415244,0,0.016105734,0.007799145,0.007186533,0.008622056,0.004129513,0.006497761,0.002336449,0.001626016,0.004222811,0.004425124,0.00705838,1,0.3373945,0.004493513,0.10868714,0.2334118,0.24008957,0.24234152,0.24007177,0.24291462,0.2916591,0.36844465,0.7150389,0.118169785,0.10601918,0.11140833,0.100925855,0.114033006,0.13830529,0.1946458,0.46010265
0.60708773,1.2893016,0.19455647,0.024247348,-1.6584896,0.87884694,0.22719924,0.38884595,-0.70753604,0.83768046,-0.057611052,-0.34078023,1.2974198,-0.082153305,-0.107415244,0,0.016116533,0.007800784,0.007189658,0.008621663,0.004056424,0.00666157,0.00194704,0.001626016,0.004223883,0.004425533,0.007057852,1,0.33738756,0.004486846,0.1074342,0.2334118,0.24008957,0.24234152,0.24007177,0.24291462,0.2916591,0.36844465,0.7150389,0.118169785,0.10601918,0.11140833,0.100925855,0.114033006,0.13830529,0.1946458,0.46010265
0.60708773,1.2893016,0.19455647,0.024247348,-1.6584896,0.87884694,0.22719924,0.38884595,-0.70753604,0.83768046,-0.057611052,-0.34078023,1.2974198,-0.082153305,-0.107415244,0,0.017744657,0.008585563,0.007913155,0.009492556,0.004714223,0.007316807,0.002336449,0.001626016,0.004656089,0.004870943,0.007767263,1,0.37282413,0.004880195,0.11639502,0.2334118,0.24008957,0.24234152,0.24007177,0.24291462,0.2916591,0.36844465,0.7150389,0.118169785,0.10601918,0.11140833,0.100925855,0.114033006,0.13830529,0.1946458,0.46010265
0.60708773,1.2893016,0.19455647,0.024247348,-1.6584896,0.87884694,0.22719924,0.38884595,-0.70753604,0.83768046,-0.057611052,-0.34078023,1.2974198,-0.082153305,-0.107415244,0,0.017744657,0.008585016,0.007911593,0.009491968,0.004970034,0.007316807,0.002336449,0.001626016,0.004656506,0.004870381,0.00776574,1,0.37282413,0.005073536,0.11874612,0.2334118,0.24008957,0.24234152,0.24007177,0.24291462,0.2916591,0.36844465,0.7150389,0.118169785,0.10601918,0.11140833,0.100925855,0.114033006,0.13830529,0.1946458,0.46010265
0.60708773,1.2893016,0.19455647,0.024247348,-1.6584896,0.87884694,0.22719924,0.38884595,-0.70753604,0.83768046,-0.057611052,-0.34078023,1.2974198,-0.082153305,-0.107415244,0,0.018981276,0.009178518,0.00845695,0.010170681,0.004970034,0.007644425,0.002336449,0.001626016,0.004986251,0.005205433,0.008303556,1,0.39858863,0.005220209,0.117826216,0.2334118,0.24008957,0.24234152,0.24007177,0.24291462,0.2916591,0.36844465,0.7150389,0.118169785,0.10601918,0.11140833,0.100925855,0.114033006,0.13830529,0.1946458,0.46010265
0.60708773,1.2893016,0.19455647,0.024247348,-1.6584896,0.87884694,0.22719924,0.38884595,-0.70753604,0.83768046,-0.057611052,-0.34078023,1.2974198,-0.082153305,-0.107415244,0,0.018986676,0.009177972,0.00845695,0.010170681,0.005262389,0.007699028,0.00194704,0.001626016,0.004986461,0.005205605,0.008334622,1,0.39858863,0.005246877,0.12324475,0.2334118,0.24008957,0.24234152,0.24007177,0.24291462,0.2916591,0.36844465,0.7150389,0.118169785,0.10601918,0.11140833,0.100925855,0.114033006,0.13830529,0.1946458,0.46010265
0.60708773,1.2893016,0.19455647,0.024247348,-1.6584896,0.87884694,0.22719924,0.38884595,-0.70753604,0.83768046,-0.057611052,-0.34078023,1.2974198,-0.082153305,-0.107415244,0,0.058974255,0.039794166,0.038139097,0.04213545,0.026421577,0.047340833,0.019859813,0.01504065,0.00615552,0.025038855,0.039934307,1,0.46427286,0.024600985,0.008819014,0.2334118,0.24008957,0.24234152,0.24007177,0.24291462,0.2916591,0.36844465,0.7150389,0.118169785,0.10601918,0.11140833,0.100925855,0.114033006,0.13830529,0.1946458,0.46010265
0.60708773,1.2893016,0.19455647,0.024247348,-1.6584896,0.87884694,0.22719924,0.38884595,-0.70753604,0.83768046,-0.057611052,-0.34078023,1.2974198,-0.082153305,-0.107415244,0,0.058987755,0.039794166,0.038142223,0.04213545,0.027262095,0.047286227,0.015576324,0.014634146,0.006160664,0.025039123,0.0399213,1,0.46426594,0.025074337,0.009066546,0.2334118,0.24008957,0.24234152,0.24007177,0.24291462,0.2916591,0.36844465,0.7150389,0.118169785,0.10601918,0.11140833,0.100925855,0.114033006,0.13830529,0.1946458,0.46010265
0.60708773,1.2893016,0.19455647,0.024247348,-1.6584896,0.87884694,0.22719924,0.38884595,-0.70753604,0.83768046,-0.057611052,-0.34078023,1.2974198,-0.082153305,-0.107415244,0,0.06618066,0.044712692,0.042778544,0.04733218,0.030404912,0.05307415,0.015576324,0.017886179,0.006923363,0.02811687,0.04482343,1,0.5220977,0.030254543,0.009779225,0.2334118,0.24008957,0.24234152,0.24007177,0.24291462,0.2916591,0.36844465,0.7150389,0.118169785,0.10601918,0.11140833,0.100925855,0.114033006,0.13830529,0.1946458,0.46010265
0.60708773,1.2893016,0.19455647,0.024247348,-1.6584896,0.87884694,0.22719924,0.38884595,-0.70753604,0.83768046,-0.057611052,-0.34078023,1.2974198,-0.082153305,-0.107415244,0,0.06620766,0.044712692,0.042787917,0.04733218,0.030368367,0.05307415,0.015186916,0.014634146,0.006923022,0.02811687,0.044818252,1,0.5220977,0.027734444,0.010516322,0.2334118,0.24008957,0.24234152,0.24007177,0.24291462,0.2916591,0.36844465,0.7150389,0.118169785,0.10601918,0.11140833,0.100925855,0.114033006,0.13830529,0.1946458,0.46010265
0.60708773,1.2893016,0.19455647,0.024247348,-1.6584896,0.87884694,0.22719924,0.38884595,-0.70753604,0.83768046,-0.057611052,-0.34078023,1.2974198,-0.082153305,-0.107415244,0,0.073900074,0.04990447,0.047747705,0.052725006,0.031428155,0.059244294,0.017523365,0.016666668,0.007728557,0.0312749,0.049877506,1,0.5837761,0.031427924,0.011010742,0.2334118,0.24008957,0.24234152,0.24007177,0.24291462,0.2916591,0.36844465,0.7150389,0.118169785,0.10601918,0.11140833,0.100925855,0.114033006,0.13830529,0.1946458,0.46010265
0.60708773,1.2893016,0.19455647,0.024247348,-1.6584896,0.87884694,0.22719924,0.38884595,-0.70753604,0.83768046,-0.057611052,-0.34078023,1.2974198,-0.082153305,-0.107415244,0,0.07387307,0.04990447,0.04774458,0.052725006,0.032012865,0.059189692,0.024922118,0.019512195,0.007727077,0.0312749,0.04996909,1,0.58378303,0.030967904,0.011010742,0.2334118,0.24008957,0.24234152,0.24007177,0.24291462,0.2916591,0.36844465,0.7150389,0.118169785,0.10601918,0.11140833,0.100925855,0.114033006,0.13830529,0.1946458,0.46010265
0.60708773,1.2893016,0.19455647,0.024247348,-1.6584896,0.87884694,0.22719924,0.38884595,-0.70753604,0.83768046,-0.057611052,-0.34078023,1.2974198,-0.082153305,-0.107415244,0,0.09720681,0.06575306,0.0627677,0.069393754,0.043670516,0.07780933,0.02258567,0.020731708,0.010216634,0.04127532,0.06565235,1,0.77185553,0.04047495,0.00973011,0.2334118,0.24008957,0.24234152,0.24007177,0.24291462,0.2916591,0.36844465,0.7150389,0.118169785,0.10601918,0.11140833,0.100925855,0.114033006,0.13830529,0.1946458,0.46010265
0.60708773,1.2893016,0.19455647,0.024247348,-1.6584896,0.87884694,0.22719924,0.38884595,-0.70753604,0.83768046,-0.057611052,-0.34078023,1.2974198,-0.082153305,-0.107415244,0,0.09718791,0.06575306,0.06276301,0.069393754,0.04352434,0.07775472,0.025700934,0.026422765,0.010217398,0.04127532,0.06565235,1,0.77186936,0.041061644,0.00956593,0.2334118,0.24008957,0.24234152,0.24007177,0.24291462,0.2916591,0.36844465,0.7150389,0.118169785,0.10601918,0.11140833,0.100925855,0.114033006,0.13830529,0.1946458,0.46010265
0.60708773,1.2893016,0.19455647,0.024247348,-1.6584896,0.87884694,0.22719924,0.38884595,-0.70753604,0.83768046,-0.057611052,-0.34078023,1.2974198,-0.082153305,-0.107415244,0,0.11227573,0.07586336,0.072459124,0.08008136,0.04948107,0.0898766,0.03543614,0.029674796,0.011819833,0.047591377,0.07593875,1,0.89151794,0.047095217,0.009396589,0.2334118,0.24008957,0.24234152,0.24007177,0.24291462,0.2916591,0.36844465,0.7150389,0.118169785,0.10601918,0.11140833,0.100925855,0.114033006,0.13830529,0.1946458,0.46010265
0.60708773,1.2893016,0.19455647,0.024247348,-1.6584896,0.87884694,0.22719924,0.38884595,-0.70753604,0.83768046,-0.057611052,-0.34078023,1.2974198,-0.082153305,-0.107415244,0,0.112194724,0.07586336,0.07244037,0.08008136,0.049554158,0.089821994,0.024922118,0.023577236,0.01181587,0.047591377,0.07593875,1,0.89152485,0.04804859,0.009054784,0.2334118,0.24008957,0.24234152,0.24007177,0.24291462,0.2916591,0.36844465,0.7150389,0.118169785,0.10601918,0.11140833,0.100925855,0.114033006,0.13830529,0.1946458,0.46010265
0.60708773,1.2893016,0.19455647,0.024247348,-1.6584896,0.87884694,0.22719924,0.38884595,-0.70753604,0.83768046,-0.057611052,-0.34078023,1.2974198,-0.082153305,-0.107415244,0,0.12576783,0.084880665,0.08117391,0.08978845,0.055218536,0.100687996,0.026090343,0.02804878,0.013260881,0.053381093,0.0850822,1,0.9999931,0.053015456,0.008931724,0.2334118,0.24008957,0.24234152,0.24007177,0.24291462,0.2916591,0.36844465,0.7150389,0.118169785,0.10601918,0.11140833,0.100925855,0.114033006,0.13830529,0.1946458,0.46010265
0.60708773,1.2893016,0.19455647,0.024247348,-1.6584896,0.87884694,0.22719924,0.38884595,-0.70753604,0.83768046,-0.057611052,-0.34078023,1.2974198,-0.082153305,-0.107415244,0,0.12581103,0.084880665,0.08117391,0.08978845,0.05525508,0.1006334,0.027258568,0.027235772,0.013260784,0.053381093,0.0850822,1,1,0.055028867,0.009049681,0.2334118,0.24008957,0.24234152,0.24007177,0.24291462,0.2916591,0.36844465,0.7150389,0.118169785,0.10601918,0.11140833,0.100925855,0.114033006,0.13830529,0.1946458,0.46010265
0.60708773,1.2893016,0.19455647,0.024247348,-1.6584896,0.87884694,0.22719924,0.38884595,-0.70753604,0.83768046,-0.057611052,-0.34078023,1.2974198,-0.082153305,-0.107415244,0,0.024910562,0.021079715,0.02117519,0.021544648,0.012534717,0.01943868,0.009735202,0.006097561,0.027748043,0.020430306,0.021174015,1,0.1093884,0.019120764,0.29403204,0.2334118,0.24008957,0.24234152,0.24007177,0.24291462,0.2916591,0.36844465,0.7150389,0.118169785,0.10601918,0.11140833,0.100925855,0.114033006,0.13830529,0.1946458,0.46010265
0.60708773,1.2893016,0.19455647,0.024247348,-1.6584896,0.87884694,0.22719924,0.38884595,-0.70753604,0.83768046,-0.057611052,-0.34078023,1.2974198,-0.082153305,-0.107415244,0,0.024910562,0.021079715,0.02117519,0.021544648,0.01297325,0.01943868,0.007788162,0.004878049,0.02774555,0.020431481,0.021173643,1,0.10937457,0.01889409,0.28837076,0.2334118,0.24008957,0.24234152,0.24007177,0.24291462,0.2916591,0.36844465,0.7150389,0.118169785,0.10601918,0.11140833,0.100925855,0.114033006,0.13830529,0.1946458,0.46010265
0.60708773,1.2893016,0.19455647,0.024247348,-1.6584896,0.87884694,0.22719924,0.38884595,-0.70753604,0.83768046,-0.057611052,-0.34078023,1.2974198,-0.082153305,-0.107415244,0,0.031266455,0.026372597,0.026485005,0.026937477,0.015348633,0.024407556,0.008566978,0.005691057,0.033749342,0.025556318,0.026534377,1,0.13933167,0.023560943,0.29437315,0.2334118,0.24008957,0.24234152,0.24007177,0.24291462,0.2916591,0.36844465,0.7150389,0.118169785,0.10601918,0.11140833,0.100925855,0.114033006,0.13830529,0.1946458,0.46010265
0.60708773,1.2893016,0.19455647,0.024247348,-1.6584896,0.87884694,0.22719924,0.38884595,-0.70753604,0.83768046,-0.057611052,-0.34078023,1.2974198,-0.082153305,-0.107415244,0,0.031239454,0.026368773,0.026480317,0.026937477,0.015165911,0.024189144,0.008956386,0.005691057,0.033746988,0.025556108,0.02656496,1,0.13933167,0.023867622,0.2856516,0.2334118,0.24008957,0.24234152,0.24007177,0.24291462,0.2916591,0.36844465,0.7150389,0.118169785,0.10601918,0.11140833,0.100925855,0.114033006,0.13830529,0.1946458,0.46010265
0.60708773,1.2893016,0.19455647,0.024247348,-1.6584896,0.87884694,0.22719924,0.38884595,-0.70753604,0.83768046,-0.057611052,-0.34078023,1.2974198,-0.082153305,-0.107415244,0,0.038694263,0.032689627,0.032712083,0.03331082,0.019112702,0.029977066,0.012461059,0.007723577,0.04124507,0.031538066,0.032709748,1,0.17519026,0.029101163,0.31965184,0.2334118,0.24008957,0.24234152,0.24007177,0.24291462,0.2916591,0.36844465,0.7150389,0.118169785,0.10601918,0.11140833,0.100925855,0.114033006,0.13830529,0.1946458,0.46010265
0.60708773,1.2893016,0.19455647,0.024247348,-1.6584896,0.87884694,0.22719924,0.38884595,-0.70753604,0.83768046,-0.057611052,-0.34078023,1.2974198,-0.082153305,-0.107415244,0,0.03866726,0.032689627,0.032705832,0.03331082,0.019076157,0.03003167,0.017133957,0.010162602,0.041238807,0.031538066,0.032689568,1,0.17519026,0.028781151,0.31523302,0.2334118,0.24008957,0.24234152,0.24007177,0.24291462,0.2916591,0.36844465,0.7150389,0.118169785,0.10601918,0.11140833,0.100925855,0.114033006,0.13830529,0.1946458,0.46010265
0.60708773,1.2893016,0.19455647,0.024247348,-1.6584896,0.87884694,0.22719924,0.38884595,-0.70753604,0.83768046,-0.057611052,-0.34078023,1.2974198,-0.082153305,-0.107415244,0,0.045093354,0.037881404,0.038095344,0.038801704,0.02192662,0.03489134,0.012850467,0.008536585,0.04758146,0.036801446,0.03798395,1,0.20559707,0.033988025,0.29260057,0.2334118,0.24008957,0.24234152,0.24007177,0.24291462,0.2916591,0.36844465,0.7150389,0.118169785,0.10601918,0.11140833,0.100925855,0.114033006,0.13830529,0.1946458,0.46010265
0.60708773,1.2893016,0.19455647,0.024247348,-1.6584896,0.87884694,0.22719924,0.38884595,-0.70753604,0.83768046,-0.057611052,-0.34078023,1.2974198,-0.082153305,-0.107415244,0,0.045047455,0.037881404,0.03808284,0.03870365,0.022401696,0.034836736,0.012850467,0.008130081,0.047582515,0.036801446,0.03794787,1,0.20559707,0.03369468,0.29336017,0.2334118,0.24008957,0.24234152,0.24007177,0.24291462,0.2916591,0.36844465,0.7150389,0.118169785,0.10601918,0.11140833,0.100925855,0.114033006,0.13830529,0.1946458,0.46010265
0.60708773,1.2893016,0.19455647,0.024247348,-1.6584896,0.87884694,0.22719924,0.38884595,-0.70753604,0.83768046,-0.057611052,-0.34078023,1.2974198,-0.082153305,-0.107415244,0,0.05043133,0.04252668,0.04260509,0.04331207,0.02470399,0.039041173,0.015186916,0.010162602,0.05208842,0.04101215,0.042349704,1,0.23217103,0.037821513,0.28744063,0.2334118,0.24008957,0.24234152,0.24007177,0.24291462,0.2916591,0.36844465,0.7150389,0.118169785,0.10601918,0.11140833,0.100925855,0.114033006,0.13830529,0.1946458,0.46010265
0.60708773,1.2893016,0.19455647,0.024247348,-1.6584896,0.87884694,0.22719924,0.38884595,-0.70753604,0.83768046,-0.057611052,-0.34078023,1.2974198,-0.082153305,-0.107415244,0,0.050450232,0.04252668,0.042608216,0.04331207,0.024484724,0.039095774,0.014797508,0.008943089,0.052087467,0.04101215,0.042355217,1,0.23217103,0.038228195,0.2885767,0.2334118,0.24008957,0.24234152,0.24007177,0.24291462,0.2916591,0.36844465,0.7150389,0.118169785,0.10601918,0.11140833,0.100925855,0.114033006,0.13830529,0.1946458,0.46010265
0.60708773,1.2893016,0.19455647,0.024247348,-1.6584896,0.87884694,0.22719924,0.38884595,-0.70753604,0.83768046,-0.057611052,-0.34078023,1.2974198,-0.082153305,-0.107415244,0,0.054948498,0.0463522,0.046428844,0.047234125,0.02755445,0.042754177,0.014797508,0.009349593,0.055761043,0.044696517,0.046109747,1,0.25496748,0.041194983,0.31109443,0.2334118,0.24008957,0.24234152,0.24007177,0.24291462,0.2916591,0.36844465,0.7150389,0.118169785,0.10601918,0.11140833,0.100925855,0.114033006,0.13830529,0.1946458,0.46010265
0.60708773,1.2893016,0.19455647,0.024247348,-1.6584896,0.87884694,0.22719924,0.38884595,-0.70753604,0.83768046,-0.057611052,-0.34078023,1.2974198,-0.082153305,-0.107415244,0,0.054883696,0.0463522,0.04641322,0.047234125,0.027517907,0.04264497,0.021806853,0.013414634,0.0557534,0.044696517,0.046112962,1,0.25496748,0.041468326,0.30909646,0.2334118,0.24008957,0.24234152,0.24007177,0.24291462,0.2916591,0.36844465,0.7150389,0.118169785,0.10601918,0.11140833,0.100925855,0.114033006,0.13830529,0.1946458,0.46010265
0.60708773,1.2893016,0.19455647,0.024247348,-1.6584896,0.87884694,0.22719924,0.38884595,-0.70753604,0.83768046,-0.057611052,-0.34078023,1.2974198,-0.082153305,-0.107415244,0,0.4356918,0.43436936,0.4358908,0.43424317,0.43297765,0.4335481,0.40615264,0.4296748,0.54727185,0.43681833,0.4393914,1,0.28942162,0.4299772,0.000101455,0.2334118,0.24008957,0.24234152,0.24007177,0.24291462,0.2916591,0.36844465,0.7150389,0.118169785,0.10601918,0.11140833,0.100925855,0.114033006,0.13830529,0.1946458,0.46010265
0.60708773,1.2893016,0.19455647,0.024247348,-1.6584896,0.87884694,0.22719924,0.38884595,-0.70753604,0.83768046,-0.057611052,-0.34078023,1.2974198,-0.082153305,-0.107415244,0,0.4356918,0.43436936,0.4358908,0.43424317,0.43326998,0.43283826,0.39641744,0.41869918,0.5466861,0.43681833,0.4393914,1,0.28942162,0.4299772,0.000100435,0.2334118,0.24008957,0.24234152,0.24007177,0.24291462,0.2916591,0.36844465,0.7150389,0.118169785,0.10601918,0.11140833,0.100925855,0.114033006,0.13830529,0.1946458,0.46010265
0.60708773,1.2893016,0.19455647,0.024247348,-1.6584896,0.87884694,0.22719924,0.38884595,-0.70753604,0.83768046,-0.057611052,-0.34078023,1.2974198,-0.082153305,-0.107415244,0,0.5814939,0.57919264,0.582778,0.58033985,0.57977635,0.58043027,0.61838007,0.5808943,0.7044764,0.58156127,0.5828295,1,0.3906808,0.5766497,5.454363e-05,0.2334118,0.24008957,0.24234152,0.24007177,0.24291462,0.2916591,0.36844465,0.7150389,0.118169785,0.10601918,0.11140833,0.100925855,0.114033006,0.13830529,0.1946458,0.46010265
0.60708773,1.2893016,0.19455647,0.024247348,-1.6584896,0.87884694,0.22719924,0.38884595,-0.70753604,0.83768046,-0.057611052,-0.34078023,1.2974198,-0.082153305,-0.107415244,0,0.5814939,0.57919264,0.582778,0.58033985,0.58120155,0.57873756,0.52024925,0.5739837,0.70472425,0.58156127,0.5828295,1,0.3906808,0.5699828,5.5083667e-05,0.2334118,0.24008957,0.24234152,0.24007177,0.24291462,0.2916591,0.36844465,0.7150389,0.118169785,0.10601918,0.11140833,0.100925855,0.114033006,0.13830529,0.1946458,0.46010265
0.60708773,1.2893016,0.19455647,0.024247348,-1.6584896,0.87884694,0.22719924,0.38884595,-0.70753604,0.83768046,-0.057611052,-0.34078023,1.2974198,-0.082153305,-0.107415244,0,0.724596,0.72401595,0.72575855,0.7225144,0.72631925,0.72343564,0.7352025,0.79268295,0.82190704,0.72367257,0.7256961,1,0.49026567,0.70332146,3.533791e-05,0.2334118,0.24008957,0.24234152,0.24007177,0.24291462,0.2916591,0.36844465,0.7150389,0.118169785,0.10601918,0.11140833,0.100925855,0.114033006,0.13830529,0.1946458,0.46010265
0.60708773,1.2893016,0.19455647,0.024247348,-1.6584896,0.87884694,0.22719924,0.38884595,-0.70753604,0.83768046,-0.057611052,-0.34078023,1.2974198,-0.082153305,-0.107415244,0,0.723246,0.72401595,0.72575855,0.7225144,0.7263558,0.7240909,0.7165109,0.72195125,0.82138264,0.72367257,0.7256961,1,0.49025875,0.7199888,3.8576298e-05,0.2334118,0.24008957,0.24234152,0.24007177,0.24291462,0.2916591,0.36844465,0.7150389,0.118169785,0.10601918,0.11140833,0.100925855,0.114033006,0.13830529,0.1946458,0.46010265
0.60708773,1.2893016,0.19455647,0.024247348,-1.6584896,0.87884694,0.22719924,0.38884595,-0.70753604,0.83768046,-0.057611052,-0.34078023,1.2974198,-0.082153305,-0.107415244,0,0.78264683,0.7813988,0.7812319,0.7813453,0.785448,0.7818609,0.72546726,0.8333333,0.86225957,0.78420144,0.78284276,1,0.53078735,0.7799912,3.9426843e-05,0.2334118,0.24008957,0.24234152,0.24007177,0.24291462,0.2916591,0.36844465,0.7150389,0.118169785,0.10601918,0.11140833,0.100925855,0.114033006,0.13830529,0.1946458,0.46010265
0.60708773,1.2893016,0.19455647,0.024247348,-1.6584896,0.87884694,0.22719924,0.38884595,-0.70753604,0.83768046,-0.057611052,-0.34078023,1.2974198,-0.082153305,-0.107415244,0,0.7839969,0.7813988,0.7812319,0.7813453,0.78486335,0.78147864,0.7737539,0.8235772,0.8621357,0.78420144,0.78284276,1,0.53078735,0.78332466,5.057925e-05,0.2334118,0.24008957,0.24234152,0.24007177,0.24291462,0.2916591,0.36844465,0.7150389,0.118169785,0.10601918,0.11140833,0.100925855,0.114033006,0.13830529,0.1946458,0.46010265
0.60708773,1.2893016,0.19455647,0.024247348,-1.6584896,0.87884694,0.22719924,0.38884595,-0.70753604,0.83768046,-0.057611052,-0.34078023,1.2974198,-0.082153305,-0.107415244,0,0.85824794,0.8579092,0.8593634,0.8558644,0.8601813,0.85841435,0.84657323,0.82601625,0.9038938,0.85788876,0.8571334,1,0.58373463,0.85332745,4.9559407e-05,0.2334118,0.24008957,0.24234152,0.24007177,0.24291462,0.2916591,0.36844465,0.7150389,0.118169785,0.10601918,0.11140833,0.100925855,0.114033006,0.13830529,0.1946458,0.46010265
0.60708773,1.2893016,0.19455647,0.024247348,-1.6584896,0.87884694,0.22719924,0.38884595,-0.70753604,0.83768046,-0.057611052,-0.34078023,1.2974198,-0.082153305,-0.107415244,0,0.85824794,0.8579092,0.8593634,0.8558644,0.85561323,0.8578137,0.80140185,0.88780487,0.90380853,0.85788876,0.8571334,1,0.58374155,0.85332745,4.929808e-05,0.2334118,0.24008957,0.24234152,0.24007177,0.24291462,0.2916591,0.36844465,0.7150389,0.118169785,0.10601918,0.11140833,0.100925855,0.114033006,0.13830529,0.1946458,0.46010265
0.60708773,1.2893016,0.19455647,0.024247348,-1.6584896,0.87884694,0.22719924,0.38884595,-0.70753604,0.83768046,-0.057611052,-0.34078023,1.2974198,-0.082153305,-0.107415244,0,1,1,1,1,1,1,0.96300626,0.9634146,1,1,1,1,0.6879964,1,2.8150944e-05,0.2334118,0.24008957,0.24234152,0.24007177,0.24291462,0.2916591,0.36844465,0.7150389,0.118169785,0.10601918,0.11140833,0.100925855,0.114033006,0.13830529,0.1946458,0.46010265
0.60708773,1.2893016,0.19455647,0.024247348,-1.6584896,0.87884694,0.22719924,0.38884595,-0.70753604,0.83768046,-0.057611052,-0.34078023,1.2974198,-0.082153305,-0.107415244,0,1,1,1,1,0.99685717,0.9990171,1,1,0.99968326,1,1,1,0.6879964,0.99666655,2.751186e-05,0.2334118,0.24008957,0.24234152,0.24007177,0.24291462,0.2916591,0.36844465,0.7150389,0.118169785,0.10601918,0.11140833,0.100925855,0.114033006,0.13830529,0.1946458,0.46010265
0.60708773,1.2893016,0.19455647,0.024247348,-1.6584896,0.87884694,0.22719924,0.38884595,-0.70753604,0.83768046,-0.057611052,-0.34078023,1.2974198,-0.082153305,-0.107415244,0,0.002006129,0.000585305,0.000490666,0.00070852,0.000292355,0.000218412,0,0,0.00085283,0.00025202,0.000396269,1,0.103196345,0.000286678,0.2132405,0.2334118,0.24008957,0.24234152,0.24007177,0.24291462,0.2916591,0.36844465,0.7150389,0.118169785,0.10601918,0.11140833,0.100925855,0.114033006,0.13830529,0.1946458,0.46010265
0.60708773,1.2893016,0.19455647,0.024247348,-1.6584896,0.87884694,0.22719924,0.38884595,-0.70753604,0.83768046,-0.057611052,-0.34078023,1.2974198,-0.082153305,-0.107415244,0,0.002003429,0.000585851,0.000492228,0.000708912,0.000401988,0.000218412,0,0,0.000852518,0.000251706,0.000394585,1,0.10321018,0.000293345,0.20655984,0.2334118,0.24008957,0.24234152,0.24007177,0.24291462,0.2916591,0.36844465,0.7150389,0.118169785,0.10601918,0.11140833,0.100925855,0.114033006,0.13830529,0.1946458,0.46010265
0.60708773,1.2893016,0.19455647,0.024247348,-1.6584896,0.87884694,0.22719924,0.38884595,-0.70753604,0.83768046,-0.057611052,-0.34078023,1.2974198,-0.082153305,-0.107415244,0,0.002392235,0.000696791,0.000585986,0.000844811,0.000511621,0.000273015,0,0,0.001015813,0.00029988,0.000470652,1,0.12179328,0.000366681,0.18508282,0.2334118,0.24008957,0.24234152,0.24007177,0.24291462,0.2916591,0.36844465,0.7150389,0.118169785,0.10601918,0.11140833,0.100925855,0.114033006,0.13830529,0.1946458,0.46010265
0.60708773,1.2893016,0.19455647,0.024247348,-1.6584896,0.87884694,0.22719924,0.38884595,-0.70753604,0.83768046,-0.057611052,-0.34078023,1.2974198,-0.082153305,-0.107415244,0,0.002392235,0.000697338,0.000585986,0.000845007,0.000365444,0.000273015,0,0,0.001016579,0.000299926,0.000469916,1,0.12179328,0.000360014,0.18009734,0.2334118,0.24008957,0.24234152,0.24007177,0.24291462,0.2916591,0.36844465,0.7150389,0.118169785,0.10601918,0.11140833,0.100925855,0.114033006,0.13830529,0.1946458,0.46010265
0.60708773,1.2893016,0.19455647,0.024247348,-1.6584896,0.87884694,0.22719924,0.38884595,-0.70753604,0.83768046,-0.057611052,-0.34078023,1.2974198,-0.082153305,-0.107415244,0,0.002605538,0.000759639,0.000637553,0.000920703,0.000511621,0.000273015,0,0,0.001107422,0.000326741,0.000512436,1,0.13233015,0.000366681,0.20009936,0.2334118,0.24008957,0.24234152,0.24007177,0.24291462,0.2916591,0.36844465,0.7150389,0.118169785,0.10601918,0.11140833,0.100925855,0.114033006,0.13830529,0.1946458,0.46010265
0.60708773,1.2893016,0.19455647,0.024247348,-1.6584896,0.87884694,0.22719924,0.38884595,-0.70753604,0.83768046,-0.057611052,-0.34078023,1.2974198,-0.082153305,-0.107415244,0,0.002608238,0.000760186,0.000637553,0.000920507,0.00058471,0.000327618,0.000389408,0,0.001107445,0.000326367,0.000513847,1,0.13232324,0.000393349,0.19511387,0.2334118,0.24008957,0.24234152,0.24007177,0.24291462,0.2916591,0.36844465,0.7150389,0.118169785,0.10601918,0.11140833,0.100925855,0.114033006,0.13830529,0.1946458,0.46010265
0.60708773,1.2893016,0.19455647,0.024247348,-1.6584896,0.87884694,0.22719924,0.38884595,-0.70753604,0.83768046,-0.057611052,-0.34078023,1.2974198,-0.082153305,-0.107415244,0,0.002848541,0.000831778,0.00069537,0.001007773,0.000511621,0.000327618,0.000389408,0,0.001213725,0.000356801,0.000561096,1,0.14481112,0.000400016,0.27992725,0.2334118,0.24008957,0.24234152,0.24007177,0.24291462,0.2916591,0.36844465,0.7150389,0.118169785,0.10601918,0.11140833,0.100925855,0.114033006,0.13830529,0.1946458,0.46010265
0.60708773,1.2893016,0.19455647,0.024247348,-1.6584896,0.87884694,0.22719924,0.38884595,-0.70753604,0.83768046,-0.057611052,-0.34078023,1.2974198,-0.082153305,-0.107415244,0,0.002853941,0.000831778,0.000696933,0.001007381,0.000657799,0.000327618,0,0,0.001214619,0.00035715,0.000561436,1,0.14481112,0.00041335,0.27992725,0.2334118,0.24008957,0.24234152,0.24007177,0.24291462,0.2916591,0.36844465,0.7150389,0.118169785,0.10601918,0.11140833,0.100925855,0.114033006,0.13830529,0.1946458,0.46010265
0.60708773,1.2893016,0.19455647,0.024247348,-1.6584896,0.87884694,0.22719924,0.38884595,-0.70753604,0.83768046,-0.057611052,-0.34078023,1.2974198,-0.082153305,-0.107415244,0,0.003242747,0.000943811,0.000792253,0.00114426,0.000438532,0.000382221,0,0,0.001378469,0.000404649,0.000636613,1,0.16337346,0.000486686,0.23514795,0.2334118,0.24008957,0.24234152,0.24007177,0.24291462,0.2916591,0.36844465,0.7150389,0.118169785,0.10601918,0.11140833,0.100925855,0.114033006,0.13830529,0.1946458,0.46010265
0.60708773,1.2893016,0.19455647,0.024247348,-1.6584896,0.87884694,0.22719924,0.38884595,-0.70753604,0.83768046,-0.057611052,-0.34078023,1.2974198,-0.082153305,-0.107415244,0,0.003242747,0.000943811,0.00079069,0.001144456,0.000657799,0.000327618,0,0,0.001378125,0.000405292,0.000636222,1,0.16337346,0.000493353,0.23514795,0.2334118,0.24008957,0.24234152,0.24007177,0.24291462,0.2916591,0.36844465,0.7150389,0.118169785,0.10601918,0.11140833,0.100925855,0.114033006,0.13830529,0.1946458,0.46010265
0.60708773,1.2893016,0.19455647,0.024247348,-1.6584896,0.87884694,0.22719924,0.38884595,-0.70753604,0.83768046,-0.057611052,-0.34078023,1.2974198,-0.082153305,-0.107415244,0,0.003572152,0.001039449,0.000870385,0.001260549,0.000694343,0.000382221,0.000389408,0,0.001520875,0.000446026,0.000698909,1,0.17941746,0.000533355,0.2079872,0.2334118,0.24008957,0.24234152,0.24007177,0.24291462,0.2916591,0.36844465,0.7150389,0.118169785,0.10601918,0.11140833,0.100925855,0.114033006,0.13830529,0.1946458,0.46010265
0.60708773,1.2893016,0.19455647,0.024247348,-1.6584896,0.87884694,0.22719924,0.38884595,-0.70753604,0.83768046,-0.057611052,-0.34078023,1.2974198,-0.082153305,-0.107415244,0,0.003574852,0.001039449,0.000871947,0.001260353,0.000803976,0.000436824,0.000389408,0,0.001518773,0.000445776,0.000699121,1,0.17942438,0.000526688,0.26016548,0.2334118,0.24008957,0.24234152,0.24007177,0.24291462,0.2916591,0.36844465,0.7150389,0.118169785,0.10601918,0.11140833,0.100925855,0.114033006,0.13830529,0.1946458,0.46010265
0.60708773,1.2893016,0.19455647,0.024247348,-1.6584896,0.87884694,0.22719924,0.38884595,-0.70753604,0.83768046,-0.057611052,-0.34078023,1.2974198,-0.082153305,-0.107415244,0,0.010948659,0.005409287,0.00500979,0.005940153,0.003617892,0.004586655,0.001557632,0.001219512,0.002834886,0.003075846,0.004768183,1,0.25689775,0.003180127,0.99332935,0.2334118,0.24008957,0.24234152,0.24007177,0.24291462,0.2916591,0.36844465,0.7150389,0.118169785,0.10601918,0.11140833,0.100925855,0.114033006,0.13830529,0.1946458,0.46010265
0.60708773,1.2893016,0.19455647,0.024247348,-1.6584896,0.87884694,0.22719924,0.38884595,-0.70753604,0.83768046,-0.057611052,-0.34078023,1.2974198,-0.082153305,-0.107415244,0,0.010948659,0.00541038,0.005011353,0.00593976,0.004348779,0.004586655,0.001557632,0.001219512,0.002835002,0.003076127,0.004765738,1,0.25689775,0.003226796,1,0.2334118,0.24008957,0.24234152,0.24007177,0.24291462,0.2916591,0.36844465,0.7150389,0.118169785,0.10601918,0.11140833,0.100925855,0.114033006,0.13830529,0.1946458,0.46010265
0.60708773,1.2893016,0.19455647,0.024247348,-1.6584896,0.87884694,0.22719924,0.38884595,-0.70753604,0.83768046,-0.057611052,-0.34078023,1.2974198,-0.082153305,-0.107415244,0,0.012568682,0.00619953,0.0057411,0.006809084,0.003617892,0.005241891,0.001557632,0.001219512,0.00326372,0.003522248,0.00545496,1,0.2953162,0.003686814,0.001431887,0.2334118,0.24008957,0.24234152,0.24007177,0.24291462,0.2916591,0.36844465,0.7150389,0.118169785,0.10601918,0.11140833,0.100925855,0.114033006,0.13830529,0.1946458,0.46010265
0.60708773,1.2893016,0.19455647,0.024247348,-1.6584896,0.87884694,0.22719924,0.38884595,-0.70753604,0.83768046,-0.057611052,-0.34078023,1.2974198,-0.082153305,-0.107415244,0,0.012552482,0.006198437,0.005736413,0.006808496,0.004275691,0.005187288,0.00194704,0.001219512,0.003263456,0.003521521,0.00545852,1,0.29530925,0.003693481,0.001431887,0.2334118,0.24008957,0.24234152,0.24007177,0.24291462,0.2916591,0.36844465,0.7150389,0.118169785,0.10601918,0.11140833,0.100925855,0.114033006,0.13830529,0.1946458,0.46010265
0.60708773,1.2893016,0.19455647,0.024247348,-1.6584896,0.87884694,0.22719924,0.38884595,-0.70753604,0.83768046,-0.057611052,-0.34078023,1.2974198,-0.082153305,-0.107415244,0,0.013443495,0.006627442,0.006134883,0.007278751,0.004202602,0.00556951,0.00194704,0.001626016,0.003494262,0.003764882,0.005836352,1,0.31654212,0.00391349,0.001322157,0.2334118,0.24008957,0.24234152,0.24007177,0.24291462,0.2916591,0.36844465,0.7150389,0.118169785,0.10601918,0.11140833,0.100925855,0.114033006,0.13830529,0.1946458,0.46010265
0.60708773,1.2893016,0.19455647,0.024247348,-1.6584896,0.87884694,0.22719924,0.38884595,-0.70753604,0.83768046,-0.057611052,-0.34078023,1.2974198,-0.082153305,-0.107415244,0,0.013443495,0.006625256,0.00613332,0.007279731,0.004239146,0.00556951,0.00194704,0.001626016,0.003494272,0.003764733,0.005837029,1,0.31654212,0.003860154,0.001227087,0.2334118,0.24008957,0.24234152,0.24007177,0.24291462,0.2916591,0.36844465,0.7150389,0.118169785,0.10601918,0.11140833,0.100925855,0.114033006,0.13830529,0.1946458,0.46010265
0.60708773,1.2893016,0.19455647,0.024247348,-1.6584896,0.87884694,0.22719924,0.38884595,-0.70753604,0.83768046,-0.057611052,-0.34078023,1.2974198,-0.082153305,-0.107415244,0,0.014715213,0.007247177,0.006708368,0.00796315,0.004933489,0.00611554,0.002336449,0.001219512,0.003831467,0.004114198,0.006381776,1,0.3473087,0.004393509,0.001322157,0.2334118,0.24008957,0.24234152,0.24007177,0.24291462,0.2916591,0.36844465,0.7150389,0.118169785,0.10601918,0.11140833,0.100925855,0.114033006,0.13830529,0.1946458,0.46010265
0.60708773,1.2893016,0.19455647,0.024247348,-1.6584896,0.87884694,0.22719924,0.38884595,-0.70753604,0.83768046,-0.057611052,-0.34078023,1.2974198,-0.082153305,-0.107415244,0,0.014717913,0.00724663,0.006708368,0.007962954,0.003983336,0.00611554,0.00194704,0.001219512,0.003830951,0.004116272,0.006382269,1,0.3473087,0.004320173,0.00239733,0.2334118,0.24008957,0.24234152,0.24007177,0.24291462,0.2916591,0.36844465,0.7150389,0.118169785,0.10601918,0.11140833,0.100925855,0.114033006,0.13830529,0.1946458,0.46010265
0.60708773,1.2893016,0.19455647,0.024247348,-1.6584896,0.87884694,0.22719924,0.38884595,-0.70753604,0.83768046,-0.057611052,-0.34078023,1.2974198,-0.082153305,-0.107415244,0,0.016599841,0.008164209,0.007556876,0.008972688,0.005627832,0.006879983,0.002336449,0.001626016,0.004328866,0.004633925,0.007190026,1,0.3924519,0.004780191,0.00114439,0.2334118,0.24008957,0.24234152,0.24007177,0.24291462,0.2916591,0.36844465,0.7150389,0.118169785,0.10601918,0.11140833,0.100925855,0.114033006,0.13830529,0.1946458,0.46010265
0.60708773,1.2893016,0.19455647,0.024247348,-1.6584896,0.87884694,0.22719924,0.38884595,-0.70753604,0.83768046,-0.057611052,-0.34078023,1.2974198,-0.082153305,-0.107415244,0,0.01660254,0.008164209,0.007556876,0.008972491,0.006102909,0.006825379,0.002336449,0.001626016,0.004329297,0.004634961,0.007187565,1,0.3924519,0.004893529,0.001070974,0.2334118,0.24008957,0.24234152,0.24007177,0.24291462,0.2916591,0.36844465,0.7150389,0.118169785,0.10601918,0.11140833,0.100925855,0.114033006,0.13830529,0.1946458,0.46010265
0.60708773,1.2893016,0.19455647,0.024247348,-1.6584896,0.87884694,0.22719924,0.38884595,-0.70753604,0.83768046,-0.057611052,-0.34078023,1.2974198,-0.082153305,-0.107415244,0,0.017971462,0.008835315,0.00817724,0.009680423,0.004896945,0.007426013,0.002725857,0.00203252,0.004690788,0.005013136,0.007773432,1,0.42538399,0.005293545,0.002250055,0.2334118,0.24008957,0.24234152,0.24007177,0.24291462,0.2916591,0.36844465,0.7150389,0.118169785,0.10601918,0.11140833,0.100925855,0.114033006,0.13830529,0.1946458,0.46010265
0.60708773,1.2893016,0.19455647,0.024247348,-1.6584896,0.87884694,0.22719924,0.38884595,-0.70753604,0.83768046,-0.057611052,-0.34078023,1.2974198,-0.082153305,-0.107415244,0,0.017971462,0.008833129,0.008174114,0.009680423,0.005993276,0.007316807,0.002725857,0.00203252,0.004690639,0.005014139,0.007771753,1,0.42537707,0.005253543,0.001070974,0.2334118,0.24008957,0.24234152,0.24007177,0.24291462,0.2916591,0.36844465,0.7150389,0.118169785,0.10601918,0.11140833,0.100925855,0.114033006,0.13830529,0.1946458,0.46010265
0.60708773,1.2893016,0.19455647,0.024247348,-1.6584896,0.87884694,0.22719924,0.38884595,-0.70753604,0.83768046,-0.057611052,-0.34078023,1.2974198,-0.082153305,-0.107415244,0,0.02204042,0.01831605,0.018896878,0.019289464,0.010086245,0.01654472,0.006619938,0.004471545,0.013667152,0.01798075,0.021595981,1,0.10323786,0.016954012,0.000873733,0.2334118,0.24008957,0.24234152,0.24007177,0.24291462,0.2916591,0.36844465,0.7150389,0.118169785,0.10601918,0.11140833,0.100925855,0.114033006,0.13830529,0.1946458,0.46010265
0.60708773,1.2893016,0.19455647,0.024247348,-1.6584896,0.87884694,0.22719924,0.38884595,-0.70753604,0.83768046,-0.057611052,-0.34078023,1.2974198,-0.082153305,-0.107415244,0,0.02203772,0.01831441,0.018896878,0.019289464,0.010451688,0.016490117,0.007398754,0.004471545,0.013666716,0.017980428,0.021588286,1,0.10323786,0.017134018,0.000873733,0.2334118,0.24008957,0.24234152,0.24007177,0.24291462,0.2916591,0.36844465,0.7150389,0.118169785,0.10601918,0.11140833,0.100925855,0.114033006,0.13830529,0.1946458,0.46010265
0.60708773,1.2893016,0.19455647,0.024247348,-1.6584896,0.87884694,0.22719924,0.38884595,-0.70753604,0.83768046,-0.057611052,-0.34078023,1.2974198,-0.082153305,-0.107415244,0,0.025707074,0.02134149,0.02200651,0.02242711,0.012023096,0.019220268,0.007398754,0.004878049,0.01595136,0.020941507,0.025125658,1,0.12182095,0.019907463,0.000731537,0.2334118,0.24008957,0.24234152,0.24007177,0.24291462,0.2916591,0.36844465,0.7150389,0.118169785,0.10601918,0.11140833,0.100925855,0.114033006,0.13830529,0.1946458,0.46010265
0.60708773,1.2893016,0.19455647,0.024247348,-1.6584896,0.87884694,0.22719924,0.38884595,-0.70753604,0.83768046,-0.057611052,-0.34078023,1.2974198,-0.082153305,-0.107415244,0,0.025715172,0.021342583,0.022009635,0.02242711,0.011621108,0.019220268,0.007398754,0.004471545,0.01595128,0.020941852,0.025123475,1,0.12181403,0.020254143,0.000714612,0.2334118,0.24008957,0.24234152,0.24007177,0.24291462,0.2916591,0.36844465,0.7150389,0.118169785,0.10601918,0.11140833,0.100925855,0.114033006,0.13830529,0.1946458,0.46010265
0.60708773,1.2893016,0.19455647,0.024247348,-1.6584896,0.87884694,0.22719924,0.38884595,-0.70753604,0.83768046,-0.057611052,-0.34078023,1.2974198,-0.082153305,-0.107415244,0,0.027778003,0.023026904,0.023747278,0.024192037,0.013082882,0.020749154,0.008566978,0.005284553,0.017202258,0.02258663,0.027069636,1,0.1323509,0.021567529,0.000667551,0.2334118,0.24008957,0.24234152,0.24007177,0.24291462,0.2916591,0.36844465,0.7150389,0.118169785,0.10601918,0.11140833,0.100925855,0.114033006,0.13830529,0.1946458,0.46010265
0.60708773,1.2893016,0.19455647,0.024247348,-1.6584896,0.87884694,0.22719924,0.38884595,-0.70753604,0.83768046,-0.057611052,-0.34078023,1.2974198,-0.082153305,-0.107415244,0,0.027769903,0.023025813,0.02374103,0.024192037,0.012680895,0.020749154,0.009345794,0.005691057,0.017202264,0.022586897,0.027073126,1,0.13235782,0.021774204,0.000667551,0.2334118,0.24008957,0.24234152,0.24007177,0.24291462,0.2916591,0.36844465,0.7150389,0.118169785,0.10601918,0.11140833,0.100925855,0.114033006,0.13830529,0.1946458,0.46010265
0.60708773,1.2893016,0.19455647,0.024247348,-1.6584896,0.87884694,0.22719924,0.38884595,-0.70753604,0.83768046,-0.057611052,-0.34078023,1.2974198,-0.082153305,-0.107415244,0,0.030102737,0.024958247,0.025731819,0.026251117,0.014288846,0.022551054,0.010903426,0.006097561,0.01867139,0.024478808,0.029332781,1,0.14484572,0.023020921,0.000600076,0.2334118,0.24008957,0.24234152,0.24007177,0.24291462,0.2916591,0.36844465,0.7150389,0.118169785,0.10601918,0.11140833,0.100925855,0.114033006,0.13830529,0.1946458,0.46010265
0.60708773,1.2893016,0.19455647,0.024247348,-1.6584896,0.87884694,0.22719924,0.38884595,-0.70753604,0.83768046,-0.057611052,-0.34078023,1.2974198,-0.082153305,-0.107415244,0,0.030132437,0.024962073,0.02573963,0.026251117,0.013704137,0.02249645,0.008956386,0.005284553,0.018676978,0.024478974,0.029333407,1,0.14484572,0.023234263,0.000612622,0.2334118,0.24008957,0.24234152,0.24007177,0.24291462,0.2916591,0.36844465,0.7150389,0.118169785,0.10601918,0.11140833,0.100925855,0.114033006,0.13830529,0.1946458,0.46010265
0.60708773,1.2893016,0.19455647,0.024247348,-1.6584896,0.87884694,0.22719924,0.38884595,-0.70753604,0.83768046,-0.057611052,-0.34078023,1.2974198,-0.082153305,-0.107415244,0,0.03380989,0.02804435,0.028853953,0.029388763,0.016006432,0.025226602,0.010514019,0.006910569,0.02094502,0.027327362,0.03285958,1,0.16340114,0.026507728,0.000533303,0.2334118,0.24008957,0.24234152,0.24007177,0.24291462,0.2916591,0.36844465,0.7150389,0.118169785,0.10601918,0.11140833,0.100925855,0.114033006,0.13830529,0.1946458,0.46010265
0.60708773,1.2893016,0.19455647,0.024247348,-1.6584896,0.87884694,0.22719924,0.38884595,-0.70753604,0.83768046,-0.057611052,-0.34078023,1.2974198,-0.082153305,-0.107415244,0,0.03382339,0.02804435,0.028857077,0.029388763,0.015312089,0.025226602,0.009345794,0.006097561,0.020944042,0.027327362,0.032857005,1,0.16340114,0.02626105,0.000533303,0.2334118,0.24008957,0.24234152,0.24007177,0.24291462,0.2916591,0.36844465,0.7150389,0.118169785,0.10601918,0.11140833,0.100925855,0.114033006,0.13830529,0.1946458,0.46010265
0.60708773,1.2893016,0.19455647,0.024247348,-1.6584896,0.87884694,0.22719924,0.38884595,-0.70753604,0.83768046,-0.057611052,-0.34078023,1.2974198,-0.082153305,-0.107415244,0,0.036947336,0.030503614,0.03150886,0.0321342,0.016883496,0.02751993,0.010903426,0.006910569,0.022879386,0.029959053,0.03586633,1,0.17945206,0.028547809,0.000478142,0.2334118,0.24008957,0.24234152,0.24007177,0.24291462,0.2916591,0.36844465,0.7150389,0.118169785,0.10601918,0.11140833,0.100925855,0.114033006,0.13830529,0.1946458,0.46010265
0.60708773,1.2893016,0.19455647,0.024247348,-1.6584896,0.87884694,0.22719924,0.38884595,-0.70753604,0.83768046,-0.057611052,-0.34078023,1.2974198,-0.082153305,-0.107415244,0,0.036939237,0.030503614,0.03150886,0.0321342,0.016883496,0.027465327,0.012461059,0.006910569,0.022879908,0.029959053,0.03587455,1,0.17944513,0.028141126,0.000781421,0.2334118,0.24008957,0.24234152,0.24007177,0.24291462,0.2916591,0.36844465,0.7150389,0.118169785,0.10601918,0.11140833,0.100925855,0.114033006,0.13830529,0.1946458,0.46010265
0.60708773,1.2893016,0.19455647,0.024247348,-1.6584896,0.87884694,0.22719924,0.38884595,-0.70753604,0.83768046,-0.057611052,-0.34078023,1.2974198,-0.082153305,-0.107415244,0,0.38574108,0.3715215,0.38198006,0.38325644,0.36580908,0.38014632,0.35514018,0.36585367,0.22568657,0.37628946,0.42853355,1,0.25697386,0.37330827,6.425249e-07,0.2334118,0.24008957,0.24234152,0.24007177,0.24291462,0.2916591,0.36844465,0.7150389,0.118169785,0.10601918,0.11140833,0.100925855,0.114033006,0.13830529,0.1946458,0.46010265
0.60708773,1.2893016,0.19455647,0.024247348,-1.6584896,0.87884694,0.22719924,0.38884595,-0.70753604,0.83768046,-0.057611052,-0.34078023,1.2974198,-0.082153305,-0.107415244,0,0.38574108,0.3715215,0.38198006,0.38325644,0.36295864,0.3793273,0.33099687,0.3495935,0.22561388,0.37628946,0.42853355,1,0.25697386,0.3699748,0,0.2334118,0.24008957,0.24234152,0.24007177,0.24291462,0.2916591,0.36844465,0.7150389,0.118169785,0.10601918,0.11140833,0.100925855,0.114033006,0.13830529,0.1946458,0.46010265
0.60708773,1.2893016,0.19455647,0.024247348,-1.6584896,0.87884694,0.22719924,0.38884595,-0.70753604,0.83768046,-0.057611052,-0.34078023,1.2974198,-0.082153305,-0.107415244,0,,,,,0.41890806,0.43458557,0.42133957,0.39471546,,,,1,0.29539227,0.42331028,2.027611e-05,0.2334118,0.24008957,0.24234152,0.24007177,0.24291462,0.2916591,0.36844465,0.7150389,0.118169785,0.10601918,0.11140833,0.100925855,0.114033006,0.13830529,0.1946458,0.46010265
0.60708773,1.2893016,0.19455647,0.024247348,-1.6584896,0.87884694,0.22719924,0.38884595,-0.70753604,0.83768046,-0.057611052,-0.34078023,1.2974198,-0.082153305,-0.107415244,0,,,,,0.4175559,0.4335481,0.39836448,0.39390245,0.25904086,0.42892325,0.49025193,1,0.29537845,0.4199768,1.8534613e-05,0.2334118,0.24008957,0.24234152,0.24007177,0.24291462,0.2916591,0.36844465,0.7150389,0.118169785,0.10601918,0.11140833,0.100925855,0.114033006,0.13830529,0.1946458,0.46010265
0.60708773,1.2893016,0.19455647,0.024247348,-1.6584896,0.87884694,0.22719924,0.38884595,-0.70753604,0.83768046,-0.057611052,-0.34078023,1.2974198,-0.082153305,-0.107415244,0,0,5.4650303e-07,0,0,0,0,0,0,8.709183e-07,2.1817684e-07,0,1,0,0,0.05996508,0.2334118,0.24008957,0.24234152,0.24007177,0.24291462,0.2916591,0.36844465,0.7150389,0.118169785,0.10601918,0.11140833,0.100925855,0.114033006,0.13830529,0.1946458,0.46010265
0.60708773,1.2893016,0.19455647,0.024247348,-1.6584896,0.87884694,0.22719924,0.38884595,-0.70753604,0.83768046,-0.057611052,-0.34078023,1.2974198,-0.082153305,-0.107415244,0,0,0,0,0,3.6544367e-05,0,0,0,0,0,3.460692e-07,1,6.9185003e-06,6.666933e-06,0.12039305,0.2334118,0.24008957,0.24234152,0.24007177,0.24291462,0.2916591,0.36844465,0.7150389,0.118169785,0.10601918,0.11140833,0.100925855,0.114033006,0.13830529,0.1946458,0.46010265
0.60708773,1.2893016,0.19455647,0.024247348,-1.6584896,0.87884694,0.22719924,0.38884595,-0.70753604,0.83768046,-0.057611052,-0.34078023,1.2974198,-0.082153305,-0.107415244,0,5.940086e-05,1.6941594e-05,1.4063665e-05,2.0590804e-05,3.6544367e-05,0,0,0,2.6340762e-05,7.55055e-06,1.1658065e-05,1,0.002144735,6.666933e-06,0.039902996,0.2334118,0.24008957,0.24234152,0.24007177,0.24291462,0.2916591,0.36844465,0.7150389,0.118169785,0.10601918,0.11140833,0.100925855,0.114033006,0.13830529,0.1946458,0.46010265
0.60708773,1.2893016,0.19455647,0.024247348,-1.6584896,0.87884694,0.22719924,0.38884595,-0.70753604,0.83768046,-0.057611052,-0.34078023,1.2974198,-0.082153305,-0.107415244,0,5.940086e-05,1.6941594e-05,1.4063665e-05,2.0590804e-05,3.6544367e-05,0,0,0,2.729299e-05,7.5257726e-06,1.1499185e-05,1,0.002130898,6.666933e-06,0.05996508,0.2334118,0.24008957,0.24234152,0.24007177,0.24291462,0.2916591,0.36844465,0.7150389,0.118169785,0.10601918,0.11140833,0.100925855,0.114033006,0.13830529,0.1946458,0.46010265
0.60708773,1.2893016,0.19455647,0.024247348,-1.6584896,0.87884694,0.22719924,0.38884595,-0.70753604,0.83768046,-0.057611052,-0.34078023,1.2974198,-0.082153305,-0.107415244,0,0.000121502,3.388319e-05,2.812733e-05,4.1181607e-05,3.6544367e-05,0,0,0,5.2340925e-05,1.4580756e-05,2.2701444e-05,1,0.004241041,2.00008e-05,0.06993606,0.2334118,0.24008957,0.24234152,0.24007177,0.24291462,0.2916591,0.36844465,0.7150389,0.118169785,0.10601918,0.11140833,0.100925855,0.114033006,0.13830529,0.1946458,0.46010265
0.60708773,1.2893016,0.19455647,0.024247348,-1.6584896,0.87884694,0.22719924,0.38884595,-0.70753604,0.83768046,-0.057611052,-0.34078023,1.2974198,-0.082153305,-0.107415244,0,0.000121502,3.388319e-05,2.812733e-05,4.1181607e-05,3.6544367e-05,0,0,0,5.150524e-05,1.3912276e-05,2.1881873e-05,1,0.004241041,1.3333866e-05,0.046543665,0.2334118,0.24008957,0.24234152,0.24007177,0.24291462,0.2916591,0.36844465,0.7150389,0.118169785,0.10601918,0.11140833,0.100925855,0.114033006,0.13830529,0.1946458,0.46010265
0.60708773,1.2893016,0.19455647,0.024247348,-1.6584896,0.87884694,0.22719924,0.38884595,-0.70753604,0.83768046,-0.057611052,-0.34078023,1.2974198,-0.082153305,-0.107415244,0,0.000180903,5.027828e-05,4.0628365e-05,6.177241e-05,7.308873e-05,0,0,0,7.869614e-05,2.1167296e-05,3.316825e-05,1,0.006358102,2.6667733e-05,0.06993606,0.2334118,0.24008957,0.24234152,0.24007177,0.24291462,0.2916591,0.36844465,0.7150389,0.118169785,0.10601918,0.11140833,0.100925855,0.114033006,0.13830529,0.1946458,0.46010265
0.60708773,1.2893016,0.19455647,0.024247348,-1.6584896,0.87884694,0.22719924,0.38884595,-0.70753604,0.83768046,-0.057611052,-0.34078023,1.2974198,-0.082153305,-0.107415244,0,0.000180903,5.027828e-05,4.0628365e-05,6.1576306e-05,7.308873e-05,0,0,0,7.823448e-05,2.1189055e-05,3.3362932e-05,1,0.00636502,2.00008e-05,0.06993606,0.2334118,0.24008957,0.24234152,0.24007177,0.24291462,0.2916591,0.36844465,0.7150389,0.118169785,0.10601918,0.11140833,0.100925855,0.114033006,0.13830529,0.1946458,0.46010265
0.60708773,1.2893016,0.19455647,0.024247348,-1.6584896,0.87884694,0.22719924,0.38884595,-0.70753604,0.83768046,-0.057611052,-0.34078023,1.2974198,-0.082153305,-0.107415244,0,0.000240303,6.721987e-05,5.469203e-05,8.2363214e-05,3.6544367e-05,5.4603035e-05,0,0,0.000105506,2.8378736e-05,4.437545e-05,1,0.008447489,3.3334665e-05,0.06993606,0.2334118,0.24008957,0.24234152,0.24007177,0.24291462,0.2916591,0.36844465,0.7150389,0.118169785,0.10601918,0.11140833,0.100925855,0.114033006,0.13830529,0.1946458,0.46010265
0.60708773,1.2893016,0.19455647,0.024247348,-1.6584896,0.87884694,0.22719924,0.38884595,-0.70753604,0.83768046,-0.057611052,-0.34078023,1.2974198,-0.082153305,-0.107415244,0,0.000237603,6.721987e-05,5.469203e-05,8.2559316e-05,7.308873e-05,5.4603035e-05,0,0,0.000105667,2.8408604e-05,4.447738e-05,1,0.008468244,2.6667733e-05,0.079967104,0.2334118,0.24008957,0.24234152,0.24007177,0.24291462,0.2916591,0.36844465,0.7150389,0.118169785,0.10601918,0.11140833,0.100925855,0.114033006,0.13830529,0.1946458,0.46010265
0.60708773,1.2893016,0.19455647,0.024247348,-1.6584896,0.87884694,0.22719924,0.38884595,-0.70753604,0.83768046,-0.057611052,-0.34078023,1.2974198,-0.082153305,-0.107415244,0,0.000299704,8.416147e-05,6.87557e-05,0.000102954,7.308873e-05,5.4603035e-05,0,0,0.000130408,3.5343848e-05,5.4910044e-05,1,0.011014252,4.00016e-05,0.43326274,0.2334118,0.24008957,0.24234152,0.24007177,0.24291462,0.2916591,0.36844465,0.7150389,0.118169785,0.10601918,0.11140833,0.100925855,0.114033006,0.13830529,0.1946458,0.46010265
0.60708773,1.2893016,0.19455647,0.024247348,-1.6584896,0.87884694,0.22719924,0.38884595,-0.70753604,0.83768046,-0.057611052,-0.34078023,1.2974198,-0.082153305,-0.107415244,0,0.000299704,8.306846e-05,6.87557e-05,0.000102758,7.308873e-05,5.4603035e-05,0,0,0.000129839,3.4928853e-05,5.489533e-05,1,0.011014252,4.00016e-05,0.32524714,0.2334118,0.24008957,0.24234152,0.24007177,0.24291462,0.2916591,0.36844465,0.7150389,0.118169785,0.10601918,0.11140833,0.100925855,0.114033006,0.13830529,0.1946458,0.46010265
0.60708773,1.2893016,0.19455647,0.024247348,-1.6584896,0.87884694,0.22719924,0.38884595,-0.70753604,0.83768046,-0.057611052,-0.34078023,1.2974198,-0.082153305,-0.107415244,0,0.001042215,0.000561805,0.000523481,0.000613214,0.000767432,0.00054603,0,0,0.000221896,0.000331183,0.000515406,1,0.013110558,0.000340014,0.5132708,0.2334118,0.24008957,0.24234152,0.24007177,0.24291462,0.2916591,0.36844465,0.7150389,0.118169785,0.10601918,0.11140833,0.100925855,0.114033006,0.13830529,0.1946458,0.46010265
0.60708773,1.2893016,0.19455647,0.024247348,-1.6584896,0.87884694,0.22719924,0.38884595,-0.70753604,0.83768046,-0.057611052,-0.34078023,1.2974198,-0.082153305,-0.107415244,0,0.001042215,0.000561805,0.000523481,0.000613214,0.000767432,0.00054603,0,0,0.000222219,0.000331674,0.000515013,1,0.013110558,0.000320013,0.5065901,0.2334118,0.24008957,0.24234152,0.24007177,0.24291462,0.2916591,0.36844465,0.7150389,0.118169785,0.10601918,0.11140833,0.100925855,0.114033006,0.13830529,0.1946458,0.46010265
0.60708773,1.2893016,0.19455647,0.024247348,-1.6584896,0.87884694,0.22719924,0.38884595,-0.70753604,0.83768046,-0.057611052,-0.34078023,1.2974198,-0.082153305,-0.107415244,0,0.001277119,0.000672199,0.000625052,0.000736366,0.000877065,0.000600633,0,0,0.000285684,0.000393506,0.000610336,1,0.01734468,0.000406683,0.57995754,0.2334118,0.24008957,0.24234152,0.24007177,0.24291462,0.2916591,0.36844465,0.7150389,0.118169785,0.10601918,0.11140833,0.100925855,0.114033006,0.13830529,0.1946458,0.46010265
0.60708773,1.2893016,0.19455647,0.024247348,-1.6584896,0.87884694,0.22719924,0.38884595,-0.70753604,0.83768046,-0.057611052,-0.34078023,1.2974198,-0.082153305,-0.107415244,0,0.001277119,0.000671652,0.000625052,0.00073617,0.000913609,0.000600633,0,0,0.000285343,0.000393151,0.000611828,1,0.01734468,0.000406683,0.43036288,0.2334118,0.24008957,0.24234152,0.24007177,0.24291462,0.2916591,0.36844465,0.7150389,0.118169785,0.10601918,0.11140833,0.100925855,0.114033006,0.13830529,0.1946458,0.46010265
0.60708773,1.2893016,0.19455647,0.024247348,-1.6584896,0.87884694,0.22719924,0.38884595,-0.70753604,0.83768046,-0.057611052,-0.34078023,1.2974198,-0.082153305,-0.107415244,0,0.001506622,0.000780406,0.00072506,0.00085697,0.000475077,0.000709839,0,0,0.000348024,0.000453797,0.000707397,1,0.021551128,0.000480019,0.6466043,0.2334118,0.24008957,0.24234152,0.24007177,0.24291462,0.2916591,0.36844465,0.7150389,0.118169785,0.10601918,0.11140833,0.100925855,0.114033006,0.13830529,0.1946458,0.46010265
0.60708773,1.2893016,0.19455647,0.024247348,-1.6584896,0.87884694,0.22719924,0.38884595,-0.70753604,0.83768046,-0.057611052,-0.34078023,1.2974198,-0.082153305,-0.107415244,0,0.001509322,0.000780953,0.00072506,0.000857166,0.000621254,0.000709839,0,0,0.000348187,0.000454176,0.000705548,1,0.021551128,0.000460018,0.49042898,0.2334118,0.24008957,0.24234152,0.24007177,0.24291462,0.2916591,0.36844465,0.7150389,0.118169785,0.10601918,0.11140833,0.100925855,0.114033006,0.13830529,0.1946458,0.46010265
0.60708773,1.2893016,0.19455647,0.024247348,-1.6584896,0.87884694,0.22719924,0.38884595,-0.70753604,0.83768046,-0.057611052,-0.34078023,1.2974198,-0.082153305,-0.107415244,0,0.001741525,0.0008908,0.000825068,0.000979926,0.00058471,0.000819046,0,0,0.000411584,0.000516659,0.000805578,1,0.02620036,0.000546689,0.7199717,0.2334118,0.24008957,0.24234152,0.24007177,0.24291462,0.2916591,0.36844465,0.7150389,0.118169785,0.10601918,0.11140833,0.100925855,0.114033006,0.13830529,0.1946458,0.46010265
0.60708773,1.2893016,0.19455647,0.024247348,-1.6584896,0.87884694,0.22719924,0.38884595,-0.70753604,0.83768046,-0.057611052,-0.34078023,1.2974198,-0.082153305,-0.107415244,0,0.001741525,0.0008908,0.000825068,0.000979926,0.00116942,0.000819046,0,0,0.000410667,0.000516197,0.000803994,1,0.026207278,0.000480019,0.5404941,0.2334118,0.24008957,0.24234152,0.24007177,0.24291462,0.2916591,0.36844465,0.7150389,0.118169785,0.10601918,0.11140833,0.100925855,0.114033006,0.13830529,0.1946458,0.46010265
0.60708773,1.2893016,0.19455647,0.024247348,-1.6584896,0.87884694,0.22719924,0.38884595,-0.70753604,0.83768046,-0.057611052,-0.34078023,1.2974198,-0.082153305,-0.107415244,0,0.001976429,0.001001194,0.000926639,0.001102687,0.001279053,0.000873649,0,0,0.000473681,0.000577164,0.000899463,1,0.030413726,0.000600024,0.48013955,0.2334118,0.24008957,0.24234152,0.24007177,0.24291462,0.2916591,0.36844465,0.7150389,0.118169785,0.10601918,0.11140833,0.100925855,0.114033006,0.13830529,0.1946458,0.46010265
0.60708773,1.2893016,0.19455647,0.024247348,-1.6584896,0.87884694,0.22719924,0.38884595,-0.70753604,0.83768046,-0.057611052,-0.34078023,1.2974198,-0.082153305,-0.107415244,0,0.001973729,0.001000647,0.000925077,0.00110249,0.00058471,0.000873649,0,0,0.000474501,0.000578798,0.000899418,1,0.030420644,0.000580023,0.7799778,0.2334118,0.24008957,0.24234152,0.24007177,0.24291462,0.2916591,0.36844465,0.7150389,0.118169785,0.10601918,0.11140833,0.100925855,0.114033006,0.13830529,0.1946458,0.46010265
0.60708773,1.2893016,0.19455647,0.024247348,-1.6584896,0.87884694,0.22719924,0.38884595,-0.70753604,0.83768046,-0.057611052,-0.34078023,1.2974198,-0.082153305,-0.107415244,0,0.002208632,0.001111041,0.001026648,0.001225251,0.000621254,0.000982855,0,0,0.000537329,0.000640523,0.000994476,1,0.035076797,0.00067336,0.7225686,0.2334118,0.24008957,0.24234152,0.24007177,0.24291462,0.2916591,0.36844465,0.7150389,0.118169785,0.10601918,0.11140833,0.100925855,0.114033006,0.13830529,0.1946458,0.46010265
0.60708773,1.2893016,0.19455647,0.024247348,-1.6584896,0.87884694,0.22719924,0.38884595,-0.70753604,0.83768046,-0.057611052,-0.34078023,1.2974198,-0.082153305,-0.107415244,0,0.002211332,0.001111041,0.00102821,0.001225643,0.001279053,0.000982855,0,0,0.000537582,0.000640072,0.000994796,1,0.035076797,0.000666693,0.7225686,0.2334118,0.24008957,0.24234152,0.24007177,0.24291462,0.2916591,0.36844465,0.7150389,0.118169785,0.10601918,0.11140833,0.100925855,0.114033006,0.13830529,0.1946458,0.46010265
0.60708773,1.2893016,0.19455647,0.024247348,-1.6584896,0.87884694,0.22719924,0.38884595,-0.70753604,0.83768046,-0.057611052,-0.34078023,1.2974198,-0.082153305,-0.107415244,0,0.011969274,0.008091524,0.00772564,0.008586365,0.005956731,0.009773943,0.003504673,0.003252033,0.001183587,0.00508775,0.00791985,1,0.0743462,0.005300212,0.18043083,0.2334118,0.24008957,0.24234152,0.24007177,0.24291462,0.2916591,0.36844465,0.7150389,0.118169785,0.10601918,0.11140833,0.100925855,0.114033006,0.13830529,0.1946458,0.46010265
0.60708773,1.2893016,0.19455647,0.024247348,-1.6584896,0.87884694,0.22719924,0.38884595,-0.70753604,0.83768046,-0.057611052,-0.34078023,1.2974198,-0.082153305,-0.107415244,0,0.002702739,0.002439043,0.00244864,0.002462072,0.001571408,0.002293328,0.000778816,0.000406504,0.001926586,0.002397092,0.002343975,1,2.7674001e-05,0.002113418,0.32076427,0.2334118,0.24008957,0.24234152,0.24007177,0.24291462,0.2916591,0.36844465,0.7150389,0.118169785,0.10601918,0.11140833,0.100925855,0.114033006,0.13830529,0.1946458,0.46010265
0.60708773,1.2893016,0.19455647,0.024247348,-1.6584896,0.87884694,0.22719924,0.38884595,-0.70753604,0.83768046,-0.057611052,-0.34078023,1.2974198,-0.082153305,-0.107415244,0,0.002700039,0.002438497,0.002447078,0.002461876,0.001644496,0.002293328,0.000778816,0.000406504,0.001926789,0.002397374,0.002344646,1,2.7674001e-05,0.002100084,0.42538944,0.2334118,0.24008957,0.24234152,0.24007177,0.24291462,0.2916591,0.36844465,0.7150389,0.118169785,0.10601918,0.11140833,0.100925855,0.114033006,0.13830529,0.1946458,0.46010265
0.60708773,1.2893016,0.19455647,0.024247348,-1.6584896,0.87884694,0.22719924,0.38884595,-0.70753604,0.83768046,-0.057611052,-0.34078023,1.2974198,-0.082153305,-0.107415244,0,0.003207647,0.002858211,0.002865862,0.002888792,0.001644496,0.002675549,0.000778816,0.000406504,0.0022691,0.002800578,0.002742799,1,0.002144735,0.002460098,0.3609627,0.2334118,0.24008957,0.24234152,0.24007177,0.24291462,0.2916591,0.36844465,0.7150389,0.118169785,0.10601918,0.11140833,0.100925855,0.114033006,0.13830529,0.1946458,0.46010265
0.60708773,1.2893016,0.19455647,0.024247348,-1.6584896,0.87884694,0.22719924,0.38884595,-0.70753604,0.83768046,-0.057611052,-0.34078023,1.2974198,-0.082153305,-0.107415244,0,0.003207647,0.002858211,0.002865862,0.002888792,0.002448472,0.002675549,0.000778816,0.000406504,0.002269311,0.002799267,0.002742889,1,0.002151654,0.002486766,0.41267595,0.2334118,0.24008957,0.24234152,0.24007177,0.24291462,0.2916591,0.36844465,0.7150389,0.118169785,0.10601918,0.11140833,0.100925855,0.114033006,0.13830529,0.1946458,0.46010265
0.60708773,1.2893016,0.19455647,0.024247348,-1.6584896,0.87884694,0.22719924,0.38884595,-0.70753604,0.83768046,-0.057611052,-0.34078023,1.2974198,-0.082153305,-0.107415244,0,0.003712554,0.003277379,0.003283084,0.0033161,0.002960094,0.00305777,0.001168224,0.000406504,0.002612431,0.003203594,0.003141645,1,0.004254878,0.002766777,0.32076427,0.2334118,0.24008957,0.24234152,0.24007177,0.24291462,0.2916591,0.36844465,0.7150389,0.118169785,0.10601918,0.11140833,0.100925855,0.114033006,0.13830529,0.1946458,0.46010265
0.60708773,1.2893016,0.19455647,0.024247348,-1.6584896,0.87884694,0.22719924,0.38884595,-0.70753604,0.83768046,-0.057611052,-0.34078023,1.2974198,-0.082153305,-0.107415244,0,0.003709854,0.003277379,0.003283084,0.0033161,0.002156118,0.00305777,0.000778816,0.000406504,0.002610721,0.003203037,0.003145752,1,0.004254878,0.002846781,0.38313147,0.2334118,0.24008957,0.24234152,0.24007177,0.24291462,0.2916591,0.36844465,0.7150389,0.118169785,0.10601918,0.11140833,0.100925855,0.114033006,0.13830529,0.1946458,0.46010265
0.60708773,1.2893016,0.19455647,0.024247348,-1.6584896,0.87884694,0.22719924,0.38884595,-0.70753604,0.83768046,-0.057611052,-0.34078023,1.2974198,-0.082153305,-0.107415244,0,0.004217461,0.003696547,0.003700306,0.00374282,0.002156118,0.003439991,0.001168224,0.000813008,0.00295273,0.003606169,0.003540406,1,0.006378857,0.003193461,0.32076427,0.2334118,0.24008957,0.24234152,0.24007177,0.24291462,0.2916591,0.36844465,0.7150389,0.118169785,0.10601918,0.11140833,0.100925855,0.114033006,0.13830529,0.1946458,0.46010265
0.60708773,1.2893016,0.19455647,0.024247348,-1.6584896,0.87884694,0.22719924,0.38884595,-0.70753604,0.83768046,-0.057611052,-0.34078023,1.2974198,-0.082153305,-0.107415244,0,0.004217461,0.003696,0.003700306,0.003742624,0.002229206,0.003439991,0.001557632,0.000813008,0.002954017,0.003605706,0.003545059,1,0.006378857,0.003193461,0.32076427,0.2334118,0.24008957,0.24234152,0.24007177,0.24291462,0.2916591,0.36844465,0.7150389,0.118169785,0.10601918,0.11140833,0.100925855,0.114033006,0.13830529,0.1946458,0.46010265
0.60708773,1.2893016,0.19455647,0.024247348,-1.6584896,0.87884694,0.22719924,0.38884595,-0.70753604,0.83768046,-0.057611052,-0.34078023,1.2974198,-0.082153305,-0.107415244,0,0.004722368,0.004115168,0.004117528,0.004169147,0.002411928,0.003876816,0.001168224,0.000813008,0.003296238,0.004008769,0.003938611,1,0.008475163,0.003540142,0.2887933,0.2334118,0.24008957,0.24234152,0.24007177,0.24291462,0.2916591,0.36844465,0.7150389,0.118169785,0.10601918,0.11140833,0.100925855,0.114033006,0.13830529,0.1946458,0.46010265
0.60708773,1.2893016,0.19455647,0.024247348,-1.6584896,0.87884694,0.22719924,0.38884595,-0.70753604,0.83768046,-0.057611052,-0.34078023,1.2974198,-0.082153305,-0.107415244,0,0.004722368,0.004114621,0.004115966,0.004169147,0.002411928,0.003822213,0.001168224,0.000406504,0.003295423,0.004008886,0.003940173,1,0.008468244,0.003553475,0.3152957,0.2334118,0.24008957,0.24234152,0.24007177,0.24291462,0.2916591,0.36844465,0.7150389,0.118169785,0.10601918,0.11140833,0.100925855,0.114033006,0.13830529,0.1946458,0.46010265
0.60708773,1.2893016,0.19455647,0.024247348,-1.6584896,0.87884694,0.22719924,0.38884595,-0.70753604,0.83768046,-0.057611052,-0.34078023,1.2974198,-0.082153305,-0.107415244,0,0.004722368,0.004115168,0.004117528,0.004168951,0.002485017,0.003876816,0.001168224,0.000406504,0.003296229,0.004009139,0.003939036,1,0.008468244,0.003513474,0.2887933,0.2334118,0.24008957,0.24234152,0.24007177,0.24291462,0.2916591,0.36844465,0.7150389,0.118169785,0.10601918,0.11140833,0.100925855,0.114033006,0.13830529,0.1946458,0.46010265
0.60708773,1.2893016,0.19455647,0.024247348,-1.6584896,0.87884694,0.22719924,0.38884595,-0.70753604,0.83768046,-0.057611052,-0.34078023,1.2974198,-0.082153305,-0.107415244,0,0.005227276,0.004534882,0.004536313,0.004596652,0.002777372,0.004204434,0.001557632,0.000813008,0.003639131,0.004412164,0.004338141,1,0.011007334,0.003866821,0.26247287,0.2334118,0.24008957,0.24234152,0.24007177,0.24291462,0.2916591,0.36844465,0.7150389,0.118169785,0.10601918,0.11140833,0.100925855,0.114033006,0.13830529,0.1946458,0.46010265
0.60708773,1.2893016,0.19455647,0.024247348,-1.6584896,0.87884694,0.22719924,0.38884595,-0.70753604,0.83768046,-0.057611052,-0.34078023,1.2974198,-0.082153305,-0.107415244,0,0.005232676,0.004535975,0.004537876,0.004597044,0.002667739,0.004204434,0.001168224,0.000813008,0.003637783,0.004411811,0.004336984,1,0.011014252,0.003873488,0.26247287,0.2334118,0.24008957,0.24234152,0.24007177,0.24291462,0.2916591,0.36844465,0.7150389,0.118169785,0.10601918,0.11140833,0.100925855,0.114033006,0.13830529,0.1946458,0.46010265
0.60708773,1.2893016,0.19455647,0.024247348,-1.6584896,0.87884694,0.22719924,0.38884595,-0.70753604,0.83768046,-0.057611052,-0.34078023,1.2974198,-0.082153305,-0.107415244,0,0.029765232,0.029683858,0.02963683,0.029584866,0.031757053,0.030850716,0.033489097,0.034146342,0.018861523,0.029695883,0.028018132,1,0.004296389,0.027727775,0.053446207,0.2334118,0.24008957,0.24234152,0.24007177,0.24291462,0.2916591,0.36844465,0.7150389,0.118169785,0.10601918,0.11140833,0.100925855,0.114033006,0.13830529,0.1946458,0.46010265
0.60708773,1.2893016,0.19455647,0.024247348,-1.6584896,0.87884694,0.22719924,0.38884595,-0.70753604,0.83768046,-0.057611052,-0.34078023,1.2974198,-0.082153305,-0.107415244,0,0.044626247,0.044439442,0.044336483,0.04429258,0.04695951,0.04619417,0.05373832,0.05121951,0.028104616,0.044433348,0.041932523,0,0.01314515,0.041574996,0.032346737,0.2334118,0.24008957,0.24234152,0.24007177,0.24291462,0.2916591,0.36844465,0.7150389,0.118169785,0.10601918,0.11140833,0.100925855,0.114033006,0.13830529,0.1946458,0.46010265
0.60708773,1.2893016,0.19455647,0.024247348,-1.6584896,0.87884694,0.22719924,0.38884595,-0.70753604,0.83768046,-0.057611052,-0.34078023,1.2974198,-0.082153305,-0.107415244,0,0.04463165,0.044439442,0.04433961,0.04429258,0.047178775,0.04619417,0.044392522,0.046747968,0.028098121,0.044433348,0.041926008,1,0.013158987,0.041428324,0.032716215,0.2334118,0.24008957,0.24234152,0.24007177,0.24291462,0.2916591,0.36844465,0.7150389,0.118169785,0.10601918,0.11140833,0.100925855,0.114033006,0.13830529,0.1946458,0.46010265
0.60708773,1.2893016,0.19455647,0.024247348,-1.6584896,0.87884694,0.22719924,0.38884595,-0.70753604,0.83768046,-0.057611052,-0.34078023,1.2974198,-0.082153305,-0.107415244,0,0.052089155,0.052090485,0.05170116,0.05164644,0.055364713,0.053893197,0.056074765,0.057317074,0.032701,0.05180208,0.048887864,1,0.017393108,0.04843527,0.027936816,0.2334118,0.24008957,0.24234152,0.24007177,0.24291462,0.2916591,0.36844465,0.7150389,0.118169785,0.10601918,0.11140833,0.100925855,0.114033006,0.13830529,0.1946458,0.46010265
0.60708773,1.2893016,0.19455647,0.024247348,-1.6584896,0.87884694,0.22719924,0.38884595,-0.70753604,0.83768046,-0.057611052,-0.34078023,1.2974198,-0.082153305,-0.107415244,0,0.052086454,0.052090485,0.051699594,0.05164644,0.054560736,0.053838592,0.052570093,0.054471545,0.032799844,0.05180208,0.048912354,1,0.017393108,0.04843527,0.03217695,0.2334118,0.24008957,0.24234152,0.24007177,0.24291462,0.2916591,0.36844465,0.7150389,0.118169785,0.10601918,0.11140833,0.100925855,0.114033006,0.13830529,0.1946458,0.46010265
0.60708773,1.2893016,0.19455647,0.024247348,-1.6584896,0.87884694,0.22719924,0.38884595,-0.70753604,0.83768046,-0.057611052,-0.34078023,1.2974198,-0.082153305,-0.107415244,0,0.059395462,0.059195023,0.05890488,0.058804195,0.06252741,0.06137381,0.05529595,0.060569108,0.037290633,0.059170812,0.055714,1,0.021606475,0.055028867,0.0245809,0.2334118,0.24008957,0.24234152,0.24007177,0.24291462,0.2916591,0.36844465,0.7150389,0.118169785,0.10601918,0.11140833,0.100925855,0.114033006,0.13830529,0.1946458,0.46010265
0.60708773,1.2893016,0.19455647,0.024247348,-1.6584896,0.87884694,0.22719924,0.38884595,-0.70753604,0.83768046,-0.057611052,-0.34078023,1.2974198,-0.082153305,-0.107415244,0,0.05933606,0.059195023,0.05888925,0.058804195,0.062308144,0.061428417,0.06386293,0.057723578,0.037325833,0.059170812,0.05570886,1,0.021606475,0.055208877,0.023765758,0.2334118,0.24008957,0.24234152,0.24007177,0.24291462,0.2916591,0.36844465,0.7150389,0.118169785,0.10601918,0.11140833,0.100925855,0.114033006,0.13830529,0.1946458,0.46010265
0.60708773,1.2893016,0.19455647,0.024247348,-1.6584896,0.87884694,0.22719924,0.38884595,-0.70753604,0.83768046,-0.057611052,-0.34078023,1.2974198,-0.082153305,-0.107415244,0,0.06664777,0.066572815,0.06619611,0.066158056,0.07042099,0.06901824,0.07009346,0.06626017,0.04206738,0.06653954,0.06279501,1,0.026262626,0.06152246,0.022460148,0.2334118,0.24008957,0.24234152,0.24007177,0.24291462,0.2916591,0.36844465,0.7150389,0.118169785,0.10601918,0.11140833,0.100925855,0.114033006,0.13830529,0.1946458,0.46010265
0.60708773,1.2893016,0.19455647,0.024247348,-1.6584896,0.87884694,0.22719924,0.38884595,-0.70753604,0.83768046,-0.057611052,-0.34078023,1.2974198,-0.082153305,-0.107415244,0,0.06680707,0.066572815,0.0662383,0.066158056,0.070274815,0.06907284,0.064641744,0.067073174,0.0419537,0.06653954,0.06279501,1,0.026262626,0.06187581,0.025001591,0.2334118,0.24008957,0.24234152,0.24007177,0.24291462,0.2916591,0.36844465,0.7150389,0.118169785,0.10601918,0.11140833,0.100925855,0.114033006,0.13830529,0.1946458,0.46010265
0.60708773,1.2893016,0.19455647,0.024247348,-1.6584896,0.87884694,0.22719924,0.38884595,-0.70753604,0.83768046,-0.057611052,-0.34078023,1.2974198,-0.082153305,-0.107415244,0,0.07423487,0.0739506,0.07358578,0.07351191,0.07776641,0.07644425,0.066978194,0.075203255,0.046778776,0.07390828,0.06965261,1,0.030469075,0.068989426,0.01941156,0.2334118,0.24008957,0.24234152,0.24007177,0.24291462,0.2916591,0.36844465,0.7150389,0.118169785,0.10601918,0.11140833,0.100925855,0.114033006,0.13830529,0.1946458,0.46010265
0.60708773,1.2893016,0.19455647,0.024247348,-1.6584896,0.87884694,0.22719924,0.38884595,-0.70753604,0.83768046,-0.057611052,-0.34078023,1.2974198,-0.082153305,-0.107415244,0,0.074226774,0.0739506,0.07358266,0.07351191,0.07787604,0.07660806,0.07126168,0.07317073,0.04673556,0.07390828,0.06965261,1,0.030469075,0.06898276,0.019678593,0.2334118,0.24008957,0.24234152,0.24007177,0.24291462,0.2916591,0.36844465,0.7150389,0.118169785,0.10601918,0.11140833,0.100925855,0.114033006,0.13830529,0.1946458,0.46010265
0.60708773,1.2893016,0.19455647,0.024247348,-1.6584896,0.87884694,0.22719924,0.38884595,-0.70753604,0.83768046,-0.057611052,-0.34078023,1.2974198,-0.082153305,-0.107415244,0,0.07424837,0.0739506,0.07358734,0.07351191,0.0788262,0.07660806,0.07165109,0.07235772,0.046684552,0.07390828,0.06965261,1,0.030469075,0.06882942,0.01941156,0.2334118,0.24008957,0.24234152,0.24007177,0.24291462,0.2916591,0.36844465,0.7150389,0.118169785,0.10601918,0.11140833,0.100925855,0.114033006,0.13830529,0.1946458,0.46010265
0.60708773,1.2893016,0.19455647,0.024247348,-1.6584896,0.87884694,0.22719924,0.38884595,-0.70753604,0.83768046,-0.057611052,-0.34078023,1.2974198,-0.082153305,-0.107415244,0,0.074275374,0.0739506,0.07359516,0.07351191,0.07846075,0.07660806,0.07320872,0.072764225,0.04659788,0.07390828,0.06965261,1,0.030469075,0.06905609,0.022614222,0.2334118,0.24008957,0.24234152,0.24007177,0.24291462,0.2916591,0.36844465,0.7150389,0.118169785,0.10601918,0.11140833,0.100925855,0.114033006,0.13830529,0.1946458,0.46010265
0.60708773,1.2893016,0.19455647,0.024247348,-1.6584896,0.87884694,0.22719924,0.38884595,-0.70753604,0.83768046,-0.057611052,-0.34078023,1.2974198,-0.082153305,-0.107415244,0,0.081619486,0.0813284,0.08117391,0.08086577,0.08628125,0.084252484,0.07943925,0.09105691,0.051546987,0.081277005,0.076510206,1,0.035132144,0.075949706,0.017615877,0.2334118,0.24008957,0.24234152,0.24007177,0.24291462,0.2916591,0.36844465,0.7150389,0.118169785,0.10601918,0.11140833,0.100925855,0.114033006,0.13830529,0.1946458,0.46010265
0.60708773,1.2893016,0.19455647,0.024247348,-1.6584896,0.87884694,0.22719924,0.38884595,-0.70753604,0.83768046,-0.057611052,-0.34078023,1.2974198,-0.082153305,-0.107415244,0,0.081697784,0.0813284,0.08117391,0.08086577,0.08650051,0.08436169,0.08021807,0.08414634,0.05139362,0.081277005,0.076510206,1,0.035132144,0.07530301,0.017724805,0.2334118,0.24008957,0.24234152,0.24007177,0.24291462,0.2916591,0.36844465,0.7150389,0.118169785,0.10601918,0.11140833,0.100925855,0.114033006,0.13830529,0.1946458,0.46010265